country,region,distillery,name,nose:Peat Smoke,nose:Maritime Notes,nose:Sweet,nose:Seaweed,nose:Sherry,nose:Iodine,nose:Fruit,nose:Salt,nose:Bonfire Smoke,nose:Oak,nose:Medicinal Smoke,nose:Vanilla,nose:Herb,nose:Spices,nose:Dried Fruit,nose:Ham,nose:Malt,nose:Leather,nose:Raisin,nose:Honey,nose:Zitrus,nose:Alcohol,nose:Caramel,nose:Orange,nose:Anise,nose:Nuts,nose:Tobacco,nose:Herbs,nose:Apple,nose:Cherry,nose:Cinnamon,nose:Coffee,nose:Dark Chocolate,nose:Fig,nose:Grape,nose:Grass,nose:Lemon,nose:Banana,nose:Blackberry,nose:Cake,nose:Chocolate,nose:Clove,nose:Date,nose:Ginger,nose:Green Apple,nose:Heather,nose:Lime,nose:Mint,nose:Oil,nose:Peach,nose:Pepper,nose:Plum,nose:Walnut,palate:Peat Smoke,palate:Sweet,palate:Maritime Notes,palate:Spices,palate:Salt,palate:Fruit,palate:Seaweed,palate:Sherry,palate:Oak,palate:Malt,palate:Herb,palate:Vanilla,palate:Bonfire Smoke,palate:Pepper,palate:Iodine,palate:Dried Fruit,palate:Nuts,palate:Oil,palate:Dark Chocolate,palate:Barley,palate:Coffee,palate:Leather,palate:Medicinal Smoke,palate:Chili,palate:Chocolate,palate:Ham,palate:Caramel,palate:Heather,palate:Tobacco,palate:Herbs,palate:Alcohol,palate:Anise,palate:Cinnamon,palate:Honey,palate:Lemon,palate:Zitrus,palate:Almonds,palate:Apple,palate:Berries,palate:Clove,palate:Grape,palate:Peach,palate:Plum,palate:Raisin,finish:Peat Smoke,finish:Sweet,finish:Oak,finish:Malt,finish:Spices,finish:Maritime Notes,finish:Salt,finish:Nuts,finish:Fruit,finish:Herb,finish:Seaweed,finish:Sherry,finish:Oil,finish:Pepper,finish:Dark Chocolate,finish:Iodine,finish:Medicinal Smoke,finish:Chocolate,finish:Bonfire Smoke,finish:Coffee,finish:Chili,finish:Leather,finish:Vanilla,finish:Raisin,finish:Alcohol,finish:Almonds,finish:Anise,finish:Caramel,finish:Cherry,finish:Grape,finish:Hazelnut,finish:Heather,finish:Honey,finish:Tobacco,finish:Herbs,nose:Floral,nose:Pear,nose:Pineapple,nose:Almonds,nose:Berries,nose:Hazelnut,nose:Kiwi,palate:Orange,palate:Pineapple,palate:Banana,palate:Date,palate:Floral,palate:Grass,palate:Mint,palate:Nutmeg,finish:Zitrus,finish:Orange,finish:Apple,finish:Fig,finish:Floral,finish:Grass,finish:Green Apple,finish:Lime,nose:Tropical Fruit,nose:Hay,nose:Melon,nose:Grapefruit,nose:Lemon Peel,palate:Lime,palate:Ginger,palate:Hay,palate:Cake,finish:Barley,finish:Pear,finish:Ham,finish:Mint,finish:Cinnamon,finish:Clove,finish:Dried Fruit,finish:Hay,finish:Lemon,finish:Plum,palate:Pear,palate:Grapefruit,palate:Fig,finish:Cake,finish:Grapefruit,finish:Walnut,nose:Chili,palate:Cherry,finish:Banana,finish:Nutmeg,finish:Wheat,palate:Blackberry,palate:Tropical Fruit,palate:Walnut,nose:Barley,nose:Nutmeg,nose:Wheat,palate:Coconut,palate:Green Apple,palate:Hazelnut,finish:Peach,finish:Berries,finish:Melon,nose:Cheese,finish:Cheese,palate:Melon,palate:Wheat,finish:Blackberry,palate:Cheese,nose:Coconut,finish:Ginger,finish:Pineapple,finish:Tropical Fruit,finish:Date,finish:Coconut,palate:Kiwi,nose:Strawberry,nose:Black Currant,palate:Strawberry,finish:Kiwi
Scotland,Islay,Lagavulin,Lagavulin 16 Years,10.0,6.0,5,5.0,3.0,3.0,3,2.0,2.0,2.0,2.0,1.0,1.0,1.0,1.0,1.0,1.0,1.0,1.0,1.0,1.0,1.0,1.0,1.0,1.0,1.0,1.0,1.0,1.0,1.0,1.0,1.0,1.0,1.0,1.0,1.0,1.0,1.0,1.0,1.0,1.0,1.0,1.0,1.0,1.0,1.0,1.0,1.0,1.0,1.0,1.0,1.0,1.0,10.0,6,4.0,4,3.0,2.0,2.0,2.0,2,2.0,1.0,1.0,1.0,1.0,1.0,1.0,1.0,1.0,1.0,1.0,1.0,1.0,1.0,1.0,1.0,1.0,1.0,1.0,1.0,1.0,1.0,1.0,1.0,1.0,1.0,1.0,1.0,1.0,1.0,1.0,1.0,1.0,1.0,1.0,10.0,5,4.0,4.0,3.0,3.0,3.0,2.0,2.0,2.0,1.0,1.0,1.0,1.0,1.0,1.0,1.0,1.0,1.0,1.0,1.0,1.0,1.0,1.0,1.0,1.0,1.0,1.0,1.0,1.0,1.0,1.0,1.0,1.0,1.0,,,,,,,,,,,,,,,,,,,,,,,,,,,,,,,,,,,,,,,,,,,,,,,,,,,,,,,,,,,,,,,,,,,,,,,,,,,,,,,,,,
Scotland,Islands,Highland Park,Highland Park 12 Years,10.0,1.0,7,1.0,6.0,,3,,,1.0,,2.0,1.0,2.0,1.0,,3.0,1.0,1.0,3.0,1.0,1.0,1.0,1.0,,1.0,1.0,5.0,1.0,1.0,,,1.0,1.0,,,1.0,1.0,,,1.0,,1.0,,,5.0,,,1.0,1.0,1.0,1.0,,10.0,8,1.0,4,1.0,2.0,1.0,4.0,3,6.0,1.0,1.0,1.0,1.0,,1.0,2.0,2.0,1.0,,,,1.0,1.0,1.0,,1.0,2.0,1.0,2.0,1.0,,1.0,2.0,1.0,1.0,,1.0,,,,1.0,1.0,1.0,10.0,4,3.0,5.0,4.0,1.0,1.0,1.0,1.0,1.0,,2.0,1.0,1.0,1.0,,,1.0,1.0,,1.0,1.0,1.0,1.0,1.0,,,,,,,4.0,1.0,1.0,4.0,1.0,1.0,1.0,1.0,1.0,1.0,1.0,1.0,1.0,1.0,1.0,1.0,1.0,1.0,1.0,1.0,1.0,1.0,1.0,1.0,1.0,1.0,1.0,,,,,,,,,,,,,,,,,,,,,,,,,,,,,,,,,,,,,,,,,,,,,,,,,,,,,,,,,,,
Scotland,Islay,Ardbeg,Ardbeg 10 Years TEN,10.0,4.0,6,3.0,1.0,1.0,3,1.0,1.0,1.0,2.0,2.0,2.0,1.0,1.0,1.0,1.0,1.0,,1.0,2.0,1.0,1.0,1.0,,1.0,,1.0,1.0,,1.0,1.0,1.0,,1.0,1.0,1.0,,,,1.0,,,1.0,1.0,1.0,1.0,1.0,1.0,1.0,1.0,,1.0,10.0,6,3.0,5,2.0,2.0,2.0,1.0,1,2.0,2.0,1.0,1.0,2.0,1.0,1.0,1.0,1.0,1.0,,1.0,1.0,1.0,1.0,1.0,1.0,1.0,1.0,1.0,1.0,2.0,1.0,1.0,1.0,1.0,1.0,1.0,1.0,1.0,1.0,,,1.0,1.0,10.0,5,2.0,4.0,3.0,2.0,1.0,1.0,2.0,2.0,1.0,1.0,1.0,1.0,1.0,1.0,1.0,1.0,1.0,1.0,1.0,1.0,1.0,,1.0,1.0,,1.0,,,,1.0,1.0,1.0,1.0,1.0,1.0,1.0,,1.0,,,1.0,1.0,1.0,1.0,1.0,1.0,1.0,,1.0,,,,1.0,,,,1.0,1.0,1.0,1.0,1.0,1.0,1.0,1.0,1.0,1.0,1.0,1.0,1.0,1.0,1.0,1.0,1.0,1.0,1.0,,,,,,,,,,,,,,,,,,,,,,,,,,,,,,,,,,,,,,,,
Scotland,Speyside,Balvenie,Balvenie 12 Years Double Wood,1.0,,10,,9.0,,7,,,3.0,,7.0,1.0,2.0,1.0,,1.0,1.0,1.0,5.0,6.0,1.0,1.0,5.0,,1.0,1.0,1.0,1.0,1.0,2.0,,,,1.0,1.0,1.0,,1.0,,1.0,,,,,1.0,1.0,1.0,1.0,1.0,,,1.0,2.0,10,,6,,5.0,,7.0,5,3.0,1.0,4.0,,,,1.0,7.0,3.0,1.0,,1.0,,,1.0,2.0,,1.0,,1.0,,1.0,,2.0,4.0,,4.0,1.0,,1.0,,,,1.0,1.0,4.0,10,7.0,6.0,9.0,,,7.0,5.0,3.0,,5.0,4.0,1.0,2.0,,,2.0,1.0,1.0,1.0,,5.0,1.0,3.0,1.0,,,,,1.0,1.0,2.0,1.0,1.0,1.0,1.0,,1.0,1.0,,,4.0,,,,,,,,2.0,2.0,1.0,,,,1.0,,,1.0,1.0,,,1.0,,,1.0,,1.0,,,1.0,,1.0,,1.0,,1.0,1.0,1.0,1.0,1.0,1.0,,,,,,,,,,,,,,,,,,,,,,,,,,,,,,,,,,
Scotland,Islay,Laphroaig,Laphroaig 10 Years,10.0,6.0,6,5.0,1.0,2.0,1,2.0,1.0,1.0,5.0,2.0,1.0,1.0,1.0,1.0,1.0,1.0,,1.0,1.0,1.0,1.0,1.0,1.0,1.0,1.0,1.0,1.0,,,,,1.0,1.0,1.0,1.0,,,,1.0,,,1.0,,1.0,,,1.0,,1.0,,,10.0,7,6.0,3,6.0,1.0,2.0,1.0,2,2.0,1.0,1.0,1.0,1.0,2.0,,2.0,2.0,1.0,1.0,1.0,1.0,3.0,1.0,1.0,1.0,1.0,1.0,1.0,1.0,1.0,1.0,,1.0,1.0,1.0,,1.0,,,,,,,10.0,4,1.0,3.0,3.0,4.0,3.0,3.0,1.0,1.0,2.0,1.0,2.0,1.0,1.0,2.0,3.0,1.0,1.0,,1.0,1.0,1.0,,1.0,1.0,1.0,,,,,,,1.0,,,1.0,1.0,,,1.0,,1.0,,1.0,,,1.0,,,1.0,1.0,1.0,,,,,,,,,1.0,,,,,,1.0,,1.0,,1.0,,,,,1.0,1.0,,,,,,1.0,1.0,1.0,1.0,1.0,,,,,,,,,,,,,,,,,,,,,,,,,,,,,
Scotland,Islay,Ardbeg,Ardbeg Uigeadail,10.0,3.0,9,2.0,5.0,1.0,3,1.0,2.0,2.0,1.0,3.0,4.0,2.0,1.0,1.0,1.0,1.0,1.0,1.0,1.0,1.0,1.0,1.0,1.0,1.0,2.0,2.0,1.0,,,2.0,1.0,1.0,1.0,1.0,1.0,1.0,1.0,2.0,1.0,1.0,1.0,1.0,,1.0,1.0,1.0,1.0,1.0,1.0,1.0,1.0,10.0,7,2.0,4,2.0,2.0,1.0,3.0,2,3.0,3.0,2.0,1.0,2.0,1.0,1.0,2.0,1.0,1.0,,1.0,1.0,1.0,1.0,1.0,1.0,1.0,,1.0,1.0,1.0,1.0,1.0,2.0,,1.0,,,1.0,,,,1.0,1.0,10.0,4,3.0,3.0,3.0,2.0,1.0,1.0,1.0,2.0,1.0,3.0,1.0,1.0,1.0,1.0,1.0,1.0,1.0,1.0,1.0,1.0,1.0,1.0,1.0,,,,,,,1.0,,1.0,1.0,1.0,1.0,,1.0,1.0,,,1.0,,,1.0,,,,,1.0,,,,,,,1.0,1.0,,,,,,1.0,,1.0,,,,,1.0,,1.0,,,1.0,,,1.0,1.0,,,1.0,,,1.0,,1.0,1.0,1.0,,,,,,,,,,,,,,,,,,,,,,,,,,
Scotland,Highlands,Glenmorangie,Glenmorangie 10 Years The Original,1.0,,10,,1.0,,10,,,1.0,,9.0,1.0,2.0,1.0,,2.0,,,2.0,3.0,1.0,1.0,2.0,,1.0,,3.0,3.0,,,,1.0,,,,2.0,1.0,,1.0,1.0,,,,1.0,,1.0,2.0,1.0,3.0,,1.0,,2.0,10,1.0,5,1.0,7.0,,1.0,3,5.0,,7.0,,1.0,,1.0,4.0,3.0,,1.0,,,1.0,1.0,1.0,,1.0,,,1.0,2.0,,,2.0,1.0,2.0,2.0,2.0,1.0,1.0,1.0,1.0,,,2.0,10,7.0,8.0,8.0,1.0,,4.0,10.0,1.0,1.0,,3.0,2.0,,,,,,1.0,1.0,,3.0,,2.0,2.0,,1.0,,1.0,,,1.0,,1.0,1.0,2.0,,1.0,1.0,,,2.0,,,,1.0,1.0,1.0,1.0,3.0,3.0,1.0,,1.0,,,,,,1.0,,,,1.0,,,,1.0,,1.0,1.0,,,,1.0,1.0,2.0,,,,,,,,,1.0,,,,,1.0,1.0,1.0,1.0,1.0,1.0,3.0,1.0,1.0,,,,,,,,,,,,,,,,,
Scotland,Islands,Talisker,Talisker 10 Years,10.0,6.0,5,4.0,,1.0,2,3.0,1.0,1.0,1.0,,1.0,2.0,,,1.0,1.0,,1.0,1.0,,1.0,1.0,,1.0,1.0,1.0,,,,,,,,,1.0,1.0,,,,,,,,1.0,,,1.0,1.0,,,,10.0,4,2.0,10,2.0,2.0,1.0,1.0,1,3.0,1.0,1.0,1.0,7.0,1.0,1.0,1.0,1.0,1.0,1.0,,,1.0,5.0,1.0,1.0,,,,,1.0,1.0,1.0,1.0,,1.0,,1.0,,,,,,,7.0,3,2.0,3.0,10.0,2.0,2.0,1.0,1.0,1.0,1.0,,1.0,6.0,,,,,1.0,1.0,4.0,,,,1.0,,,,,,,,,,1.0,,,,,,,,,,,,,,,,1.0,,,,,,,,,,,,,,1.0,,,,,1.0,,,,,1.0,1.0,,,1.0,,,,,1.0,,,,,,,,,,,,,,,,,1.0,1.0,,,,,,,,,,,,,,,
Scotland,Highlands,Dalwhinnie,Dalwhinnie 15 Years,7.0,1.0,10,,2.0,,9,1.0,,2.0,,5.0,,2.0,,,2.0,,1.0,5.0,2.0,1.0,1.0,2.0,,1.0,,7.0,2.0,1.0,1.0,,,1.0,,1.0,1.0,,,,1.0,,,,,6.0,1.0,1.0,1.0,1.0,,,,3.0,10,,4,,7.0,,1.0,5,4.0,,5.0,1.0,1.0,,1.0,3.0,2.0,,1.0,,,1.0,1.0,1.0,,,3.0,,3.0,1.0,,,7.0,1.0,1.0,1.0,1.0,1.0,1.0,1.0,,,1.0,10.0,7,8.0,9.0,5.0,,,2.0,7.0,1.0,,1.0,1.0,1.0,,,,2.0,,1.0,1.0,,1.0,,1.0,,,,,,,2.0,2.0,1.0,2.0,1.0,3.0,1.0,1.0,1.0,,,1.0,,1.0,,1.0,,,,,,2.0,,,,1.0,,,1.0,1.0,,,,1.0,1.0,,1.0,2.0,,,,,1.0,,,,1.0,,,,,,1.0,,1.0,,,,1.0,,1.0,,1.0,,,,,,,,,1.0,,,,,,,,,,,,,,
Scotland,Islay,Bowmore,Bowmore 12 Years (new cardboard box),10.0,2.0,7,2.0,4.0,1.0,3,,1.0,1.0,,3.0,1.0,1.0,1.0,1.0,1.0,1.0,1.0,4.0,4.0,1.0,1.0,1.0,,,,2.0,1.0,1.0,,,1.0,1.0,,1.0,4.0,,,,1.0,1.0,,,,1.0,1.0,1.0,,1.0,,1.0,,10.0,7,1.0,3,1.0,3.0,1.0,3.0,2,1.0,1.0,2.0,1.0,1.0,1.0,1.0,1.0,1.0,1.0,,,,1.0,1.0,2.0,,1.0,1.0,1.0,1.0,1.0,,1.0,3.0,1.0,1.0,,1.0,,,,1.0,,,10.0,5,4.0,3.0,2.0,1.0,1.0,2.0,2.0,2.0,1.0,4.0,2.0,1.0,2.0,,1.0,1.0,,,,1.0,1.0,,1.0,,,,1.0,,,1.0,1.0,,1.0,1.0,1.0,,,,,,1.0,,,,,,,,1.0,,,,,,,,1.0,1.0,,1.0,,,,,,,,,,1.0,,1.0,,1.0,,,,,,,,,,,,,,,,,,,,,1.0,,,,,,,,,,,,,,,,,,,,
Scotland,Islay,Bunnahabhain,Bunnahabhain 12 Years,10.0,4.0,7,3.0,8.0,,7,2.0,1.0,3.0,1.0,3.0,2.0,3.0,1.0,,4.0,1.0,1.0,2.0,1.0,2.0,2.0,1.0,1.0,6.0,1.0,2.0,,1.0,1.0,,1.0,,1.0,1.0,1.0,,,1.0,1.0,,,,,1.0,,,1.0,1.0,1.0,,,9.0,10,4.0,8,3.0,8.0,1.0,7.0,6,9.0,3.0,5.0,1.0,1.0,1.0,1.0,8.0,2.0,1.0,1.0,1.0,1.0,1.0,1.0,2.0,,1.0,1.0,1.0,2.0,2.0,1.0,1.0,1.0,1.0,1.0,1.0,,1.0,,1.0,1.0,,1.0,9.0,10,5.0,10.0,6.0,3.0,3.0,3.0,3.0,3.0,1.0,4.0,1.0,1.0,2.0,,,2.0,1.0,1.0,1.0,1.0,2.0,1.0,2.0,,,1.0,,,1.0,1.0,,,2.0,1.0,,,1.0,1.0,1.0,,1.0,,1.0,,1.0,,1.0,1.0,,,1.0,,1.0,,,,,1.0,,,,,,1.0,,,,,,,,,1.0,,,1.0,,,,,,1.0,1.0,,,,,,2.0,1.0,,1.0,,,1.0,,,,,,,1.0,,,,,,,,,,,,,
Scotland,Speyside,Glenfiddich,Glenfiddich 12 Years,1.0,,5,,1.0,,10,,,2.0,1.0,2.0,,1.0,,,3.0,,1.0,2.0,1.0,1.0,1.0,1.0,,1.0,,,3.0,,1.0,,,,,,,,1.0,,1.0,,,,1.0,,,,1.0,,1.0,,,3.0,9,1.0,4,,10.0,,2.0,6,8.0,,3.0,,1.0,1.0,,4.0,4.0,,1.0,,,1.0,1.0,1.0,,4.0,1.0,,1.0,2.0,,1.0,1.0,1.0,1.0,1.0,2.0,,,,,1.0,1.0,5.0,3,7.0,10.0,5.0,,,4.0,7.0,,,,4.0,2.0,,,,,,,1.0,,1.0,,1.0,,,,,,,1.0,1.0,,1.0,,5.0,1.0,,,,,1.0,1.0,,,1.0,1.0,,,1.0,,1.0,,1.0,,1.0,,,,1.0,,,,,1.0,,,2.0,,,,,,,1.0,1.0,3.0,,,,,,,,,,,,,,,,,,1.0,,,,,,,,,,,,,,,,,,,,,
Scotland,Islay,Bowmore,Bowmore 15 Years Darkest,10.0,1.0,7,1.0,7.0,,5,1.0,1.0,1.0,1.0,1.0,4.0,2.0,1.0,,1.0,1.0,4.0,1.0,1.0,1.0,1.0,1.0,,1.0,1.0,1.0,1.0,1.0,1.0,1.0,3.0,1.0,1.0,,,1.0,1.0,,5.0,1.0,1.0,,1.0,,,,,,1.0,1.0,,10.0,7,1.0,4,1.0,5.0,1.0,7.0,4,1.0,3.0,1.0,1.0,1.0,,1.0,2.0,2.0,2.0,,1.0,1.0,,1.0,4.0,1.0,2.0,1.0,1.0,1.0,1.0,,1.0,1.0,,1.0,1.0,,1.0,1.0,1.0,1.0,1.0,2.0,10.0,6,3.0,4.0,2.0,1.0,1.0,1.0,2.0,2.0,1.0,5.0,1.0,1.0,2.0,,1.0,2.0,1.0,1.0,,1.0,1.0,1.0,1.0,,1.0,,1.0,,,1.0,,1.0,1.0,1.0,1.0,1.0,,1.0,,,1.0,,,,,,1.0,,1.0,1.0,,,,,,,1.0,,,,,,,,,,,1.0,,1.0,,1.0,,,1.0,,,,,,,,1.0,,,,1.0,1.0,,,1.0,,,,1.0,,,,,,,,1.0,,,,,,,,,,,,
Scotland,Lowlands,Auchentoshan,Auchentoshan Three Wood,1.0,,7,,10.0,,10,,1.0,5.0,,1.0,1.0,3.0,2.0,,1.0,1.0,5.0,,3.0,1.0,1.0,3.0,,1.0,1.0,1.0,1.0,1.0,2.0,1.0,1.0,1.0,1.0,,1.0,,1.0,1.0,1.0,,1.0,,,1.0,,,,1.0,1.0,2.0,,1.0,10,1.0,10,,10.0,1.0,9.0,8,1.0,2.0,2.0,,1.0,,2.0,8.0,2.0,2.0,,1.0,1.0,1.0,1.0,3.0,,3.0,1.0,,1.0,1.0,,6.0,1.0,1.0,2.0,1.0,,1.0,,1.0,,1.0,2.0,3.0,10,7.0,8.0,7.0,,,3.0,9.0,2.0,,7.0,2.0,,2.0,,,3.0,,2.0,2.0,,1.0,1.0,1.0,1.0,,,,,,1.0,,,2.0,1.0,,,1.0,1.0,1.0,,1.0,,,1.0,,1.0,,,,,,,,1.0,,,,,,,1.0,,,,,,,,,2.0,,1.0,,,1.0,,,1.0,,,,1.0,1.0,,,,,,,,1.0,,,1.0,4.0,,,,,,,,,,,,,,,,,,,,
Scotland,Highlands,Glenmorangie,Glenmorangie 12 Years Quinta Ruban,1.0,,9,,5.0,,10,,,2.0,,2.0,2.0,6.0,1.0,,,,2.0,1.0,5.0,1.0,1.0,4.0,,3.0,,2.0,,1.0,1.0,,2.0,1.0,1.0,,,1.0,1.0,,3.0,1.0,1.0,,,,,2.0,1.0,,2.0,1.0,,1.0,10,,7,,8.0,,5.0,2,1.0,3.0,2.0,,1.0,,1.0,6.0,4.0,3.0,,1.0,,,2.0,6.0,,1.0,,,3.0,1.0,,1.0,1.0,1.0,5.0,1.0,,1.0,1.0,1.0,,1.0,1.0,1.0,10,4.0,5.0,6.0,,,5.0,5.0,5.0,,5.0,2.0,1.0,5.0,,,5.0,,,,,,1.0,1.0,,,1.0,,,,,,,1.0,,1.0,,1.0,1.0,1.0,,4.0,,,,,,3.0,1.0,4.0,3.0,,,,,,,1.0,,,,,,,,,,,,1.0,,2.0,,,,,,,1.0,,,,1.0,1.0,,1.0,,1.0,,,,2.0,,,,,,1.0,,1.0,,,,,,,,,,,,,,,,
Scotland,Islay,Caol Ila,Caol Ila 12 Years,10.0,4.0,4,2.0,1.0,2.0,3,2.0,2.0,1.0,3.0,1.0,1.0,1.0,,1.0,1.0,1.0,,1.0,2.0,1.0,1.0,1.0,,2.0,,2.0,1.0,,,,,1.0,,1.0,2.0,,,,,,,,,1.0,1.0,1.0,2.0,,,,,10.0,8,5.0,4,4.0,3.0,2.0,1.0,2,1.0,1.0,1.0,2.0,1.0,1.0,1.0,2.0,2.0,,,1.0,1.0,2.0,1.0,1.0,1.0,1.0,,,1.0,1.0,,,1.0,,1.0,,1.0,,,1.0,,1.0,,10.0,5,2.0,4.0,3.0,4.0,2.0,1.0,2.0,1.0,3.0,,1.0,1.0,,,1.0,1.0,,1.0,1.0,1.0,1.0,,1.0,,1.0,1.0,,,,1.0,,,1.0,1.0,1.0,,2.0,,,,1.0,1.0,,,,1.0,1.0,,1.0,,,,,,,,,1.0,,1.0,,1.0,,1.0,,1.0,,,1.0,,,,,,1.0,,,,,1.0,,1.0,,,,1.0,,,,,,,,1.0,,,,,,,,,,1.0,,,,,,,,,,,
Scotland,Islay,Laphroaig,Laphroaig Quarter Cask,10.0,2.0,6,1.0,1.0,1.0,4,1.0,1.0,2.0,3.0,1.0,1.0,1.0,,1.0,1.0,1.0,,1.0,,1.0,,,,1.0,1.0,1.0,,,1.0,,,,,,,3.0,,,,,,,1.0,1.0,,,,1.0,,,,10.0,7,2.0,3,2.0,2.0,1.0,1.0,3,2.0,1.0,1.0,,1.0,1.0,,1.0,1.0,1.0,1.0,,1.0,1.0,1.0,1.0,,1.0,1.0,,1.0,1.0,1.0,,1.0,,1.0,,,,,,,,1.0,10.0,3,4.0,2.0,2.0,1.0,1.0,1.0,2.0,1.0,,1.0,1.0,1.0,1.0,1.0,1.0,1.0,1.0,,1.0,1.0,1.0,1.0,1.0,,,1.0,,,,1.0,,,1.0,,,,,,,,,,1.0,,,1.0,,,,,1.0,,,,,,1.0,,,,,,,,,,1.0,,,,,,,,1.0,1.0,1.0,,,,,,,2.0,,,,,,,,,,,,,,,,,,,,,1.0,,,,,,,,,,
Scotland,Speyside,Glenlivet,Glenlivet 12 Years,2.0,1.0,7,,,,10,1.0,,2.0,,6.0,1.0,1.0,,,3.0,,,1.0,1.0,1.0,1.0,,,1.0,,1.0,2.0,,,1.0,,,,,1.0,1.0,,,,,,1.0,1.0,1.0,,,1.0,1.0,,,,4.0,9,1.0,4,1.0,10.0,,1.0,5,9.0,1.0,5.0,,1.0,,,3.0,2.0,,1.0,1.0,1.0,1.0,1.0,,,1.0,1.0,,1.0,3.0,,,2.0,,,,2.0,,,1.0,1.0,,,2.0,4,3.0,8.0,7.0,1.0,1.0,10.0,3.0,2.0,1.0,,7.0,,2.0,,,,,,1.0,,2.0,,1.0,1.0,,,,,3.0,,,,1.0,1.0,3.0,1.0,,,,,,1.0,1.0,,1.0,,,,,,1.0,,1.0,,,,1.0,1.0,,,,,1.0,,,,1.0,,,,,,,,,2.0,,,,,,1.0,,,,,,,,1.0,,1.0,,1.0,,,,,,,,1.0,,,,,,,,,,,,,
Scotland,Highlands,Oban,Oban 14 Years,10.0,4.0,5,3.0,1.0,1.0,10,3.0,,2.0,,2.0,1.0,3.0,1.0,,2.0,1.0,,1.0,2.0,1.0,1.0,2.0,,1.0,,1.0,2.0,,,,,,1.0,,1.0,,,,,,,,1.0,1.0,1.0,,,1.0,1.0,,,10.0,9,9.0,10,8.0,8.0,2.0,2.0,3,3.0,2.0,2.0,,2.0,,1.0,3.0,3.0,,,1.0,1.0,,2.0,1.0,,1.0,2.0,1.0,2.0,2.0,,,5.0,,1.0,,2.0,,,1.0,1.0,,,10.0,5,6.0,8.0,7.0,9.0,7.0,3.0,3.0,1.0,2.0,,3.0,2.0,,,,1.0,,1.0,1.0,1.0,1.0,,,1.0,,,,,,1.0,1.0,,1.0,,3.0,1.0,,,,1.0,1.0,,1.0,,,,,,1.0,1.0,,,,,,,,,,,,,1.0,,,,,,,,,,,,,,1.0,2.0,,1.0,,1.0,,1.0,,2.0,,,,,,,,,1.0,,,,,,,,,,,1.0,,,,,,,,,
Scotland,Speyside,Aberlour,Aberlour 18 Years,1.0,,9,,8.0,,10,,,2.0,,1.0,1.0,2.0,,,1.0,1.0,2.0,3.0,5.0,1.0,2.0,5.0,,2.0,,2.0,,1.0,1.0,,1.0,1.0,1.0,,1.0,,1.0,1.0,4.0,,,,,2.0,,,1.0,3.0,,2.0,,1.0,10,,8,,3.0,,7.0,8,1.0,4.0,1.0,,2.0,,1.0,5.0,4.0,3.0,1.0,1.0,2.0,,1.0,6.0,,1.0,,,1.0,1.0,,1.0,5.0,,2.0,,,,1.0,1.0,1.0,,2.0,3.0,8,10.0,6.0,9.0,,,4.0,1.0,3.0,,4.0,3.0,3.0,1.0,,,5.0,,2.0,3.0,,,1.0,2.0,,,1.0,,,,1.0,,,1.0,,3.0,,1.0,1.0,1.0,,2.0,,1.0,2.0,,1.0,1.0,,,,,,,,,,,,,,,,,,,,,,,,,,,,,1.0,,,,,,,,,,,,,,,,,,,,,,,,,,1.0,,,,,,,,,,,,,
Scotland,Speyside,Glendronach,Glendronach 15 Years Revival,1.0,,10,,9.0,,6,,,2.0,,2.0,2.0,3.0,1.0,,1.0,1.0,3.0,1.0,3.0,1.0,3.0,3.0,,2.0,1.0,1.0,1.0,2.0,2.0,1.0,1.0,1.0,1.0,1.0,,1.0,1.0,1.0,5.0,,1.0,,,,,1.0,,,1.0,1.0,,1.0,10,,5,,6.0,,8.0,4,1.0,6.0,1.0,,1.0,,1.0,3.0,2.0,3.0,,4.0,1.0,,1.0,7.0,,1.0,1.0,,1.0,1.0,,1.0,1.0,,1.0,,,1.0,1.0,1.0,,1.0,1.0,2.0,10,8.0,6.0,5.0,,,3.0,3.0,3.0,,6.0,3.0,2.0,2.0,,,3.0,,3.0,,,,,,,,2.0,,,,,2.0,,,1.0,1.0,,1.0,1.0,,,1.0,,,1.0,,1.0,1.0,,,,,,,,,,1.0,,,,,,1.0,,1.0,,,,,1.0,1.0,1.0,,,,1.0,,,,,,1.0,1.0,,2.0,,,1.0,1.0,1.0,,1.0,,1.0,,,1.0,,,,,,,,,1.0,,,,,,,,,
Scotland,Speyside,Glenfiddich,Glenfiddich 15 Years The Solera Vat,2.0,,10,,4.0,,9,,,3.0,,8.0,1.0,1.0,2.0,,1.0,1.0,1.0,6.0,2.0,1.0,2.0,1.0,,1.0,,2.0,1.0,1.0,1.0,,1.0,,,,1.0,1.0,,,,,,,,1.0,,,1.0,1.0,,,,2.0,8,,9,,9.0,,6.0,10,2.0,2.0,3.0,,1.0,,1.0,8.0,7.0,2.0,,,,,2.0,1.0,,,,,1.0,2.0,,2.0,4.0,,2.0,,1.0,1.0,,1.0,,,,1.0,10,6.0,2.0,4.0,,,4.0,3.0,1.0,,3.0,4.0,1.0,1.0,,,2.0,,1.0,1.0,,2.0,1.0,1.0,,,1.0,1.0,,,,3.0,,1.0,1.0,1.0,,,1.0,,,2.0,,1.0,,1.0,,1.0,,,,,,,1.0,,,,1.0,1.0,,,,2.0,1.0,,1.0,,,,1.0,,1.0,1.0,,,2.0,,1.0,,,,1.0,1.0,,,1.0,,1.0,,1.0,,1.0,,,1.0,,,,,,,,,,,1.0,,,,,,,,,
Scotland,Islay,Bowmore,Bowmore 12 Years Enigma,10.0,1.0,6,1.0,6.0,1.0,3,1.0,1.0,1.0,1.0,,1.0,,1.0,1.0,,1.0,1.0,3.0,3.0,,,1.0,,,,1.0,,,,,,,,,2.0,,,,1.0,,,,,1.0,,,,1.0,,1.0,,10.0,7,2.0,2,2.0,3.0,,4.0,2,1.0,1.0,1.0,1.0,1.0,1.0,,1.0,1.0,,,1.0,,1.0,1.0,1.0,,,1.0,,2.0,1.0,,,3.0,1.0,1.0,,,1.0,,1.0,,1.0,1.0,10.0,4,3.0,2.0,3.0,4.0,4.0,2.0,1.0,1.0,1.0,3.0,2.0,1.0,1.0,,,1.0,,,,,,1.0,1.0,,,,1.0,,,,1.0,1.0,,,,,,1.0,,,1.0,,,1.0,1.0,,,,,,,,,,,,,1.0,,1.0,,,,1.0,,,,,,,,,,,,,,,,,,,1.0,,,,,,,,,,,,1.0,,,,,,,,,,,,,,,,,,,,
Scotland,Speyside,Glendronach,Glendronach 21 Years Parliament,1.0,1.0,6,,10.0,,8,1.0,,4.0,,2.0,3.0,4.0,1.0,,,2.0,3.0,1.0,2.0,1.0,1.0,2.0,1.0,1.0,1.0,1.0,,1.0,2.0,2.0,1.0,,1.0,,1.0,,2.0,1.0,2.0,1.0,1.0,,,1.0,,,,1.0,1.0,3.0,,1.0,10,1.0,9,1.0,7.0,,10.0,4,2.0,4.0,2.0,,1.0,,1.0,4.0,2.0,3.0,,1.0,,,2.0,6.0,1.0,,1.0,1.0,1.0,1.0,1.0,4.0,,1.0,1.0,1.0,1.0,1.0,1.0,,,4.0,1.0,2.0,8,9.0,4.0,10.0,,,2.0,3.0,5.0,,10.0,1.0,1.0,4.0,,,3.0,,2.0,2.0,,1.0,1.0,1.0,1.0,,1.0,,,1.0,1.0,1.0,1.0,1.0,,,,1.0,1.0,,,,1.0,,1.0,,,,2.0,1.0,1.0,1.0,,,,,,,,,,,,1.0,,1.0,,,,,2.0,1.0,1.0,,1.0,,,,,,,,,1.0,,1.0,,1.0,,,,1.0,,,,1.0,,,,,,,,,,,,,,,,,,,,
Scotland,Speyside,Cragganmore,Cragganmore 12 Years,2.0,,10,,1.0,,5,,,1.0,,5.0,2.0,1.0,,1.0,4.0,1.0,1.0,7.0,2.0,1.0,2.0,1.0,,1.0,1.0,4.0,1.0,1.0,,,,,1.0,1.0,1.0,1.0,,,1.0,,,,,3.0,,1.0,1.0,1.0,,,,5.0,7,1.0,5,1.0,6.0,,1.0,4,10.0,1.0,2.0,,1.0,,1.0,2.0,2.0,,,1.0,1.0,,1.0,2.0,,2.0,1.0,1.0,2.0,1.0,,,3.0,1.0,1.0,,1.0,1.0,,1.0,1.0,,1.0,10.0,10,4.0,10.0,7.0,,,2.0,3.0,3.0,,2.0,1.0,1.0,1.0,,,2.0,1.0,2.0,1.0,1.0,1.0,1.0,,,,,,,1.0,1.0,1.0,,1.0,2.0,1.0,1.0,,1.0,1.0,,,1.0,1.0,1.0,,1.0,1.0,1.0,1.0,,,,1.0,,,,1.0,1.0,,1.0,,,,,,,,,,,,,,1.0,1.0,1.0,,,,,,,,,,1.0,,1.0,,,,1.0,,1.0,,,,,,,,1.0,,,,,1.0,1.0,,,,,,,
Scotland,Speyside,Glendronach,Glendronach 12 Years,1.0,,9,,10.0,,8,,,2.0,,7.0,1.0,4.0,2.0,,1.0,,2.0,1.0,1.0,1.0,1.0,1.0,,3.0,,1.0,1.0,2.0,1.0,1.0,,1.0,1.0,1.0,,1.0,1.0,1.0,1.0,1.0,,2.0,1.0,1.0,,,2.0,,1.0,1.0,1.0,1.0,6,,6,,8.0,,10.0,4,1.0,1.0,2.0,,1.0,,1.0,6.0,5.0,1.0,1.0,1.0,,,1.0,1.0,,1.0,,1.0,,1.0,,1.0,1.0,,1.0,,1.0,1.0,1.0,1.0,,1.0,3.0,3.0,6,6.0,5.0,8.0,,,6.0,4.0,4.0,,10.0,2.0,2.0,2.0,,,2.0,,2.0,1.0,,2.0,1.0,2.0,,,1.0,,,,,1.0,1.0,1.0,,3.0,,,1.0,1.0,,1.0,,,1.0,,,,1.0,1.0,1.0,1.0,,,1.0,,,,,1.0,,,,1.0,,1.0,1.0,,,,,1.0,1.0,,,1.0,1.0,,1.0,,,,1.0,1.0,,,,,,,,1.0,,,1.0,,,1.0,,,,1.0,,,,,,,,1.0,,,,,,
Scotland,Speyside,Glenfarclas,Glenfarclas 15 Years,4.0,1.0,7,,10.0,,7,1.0,,4.0,1.0,1.0,2.0,3.0,2.0,,3.0,1.0,2.0,2.0,1.0,1.0,2.0,1.0,,1.0,,1.0,,2.0,1.0,1.0,1.0,1.0,1.0,,1.0,1.0,,1.0,1.0,1.0,1.0,,,,,,1.0,,,1.0,1.0,5.0,9,,6,,6.0,,10.0,6,5.0,3.0,1.0,,1.0,,,4.0,2.0,2.0,,1.0,,,2.0,2.0,,1.0,1.0,,1.0,2.0,,1.0,1.0,,1.0,,,,1.0,1.0,,1.0,2.0,6.0,10,5.0,7.0,6.0,,,5.0,6.0,3.0,,8.0,3.0,2.0,2.0,,,3.0,,2.0,1.0,,,2.0,1.0,,,1.0,2.0,,,1.0,,,2.0,1.0,,1.0,1.0,1.0,1.0,,1.0,1.0,,1.0,,,,,,,1.0,,,1.0,,,1.0,1.0,,,,,,,,,,,,1.0,,,,,,1.0,,1.0,1.0,,,,1.0,,,,,,1.0,,,1.0,,,,1.0,,,,,,,,,,,,,,,,,,,
Scotland,Speyside,Cardhu,Cardhu 12 Years,4.0,,10,,2.0,,9,,,4.0,,1.0,,3.0,,,5.0,,1.0,8.0,1.0,1.0,2.0,,,3.0,,8.0,1.0,1.0,,,,,,,1.0,,,,1.0,,,,,6.0,,,1.0,1.0,,1.0,,2.0,8,,4,,5.0,,3.0,3,5.0,2.0,2.0,,1.0,,1.0,10.0,10.0,1.0,,1.0,,,1.0,1.0,,1.0,2.0,1.0,2.0,1.0,,,3.0,1.0,1.0,2.0,1.0,1.0,,,1.0,,1.0,2.0,10,9.0,9.0,6.0,,,6.0,,3.0,,2.0,5.0,1.0,1.0,,,4.0,,2.0,,,2.0,2.0,1.0,,1.0,,,,,1.0,4.0,,1.0,3.0,3.0,1.0,1.0,2.0,,,,,,1.0,,,1.0,,,,,,,,,,,1.0,1.0,,,1.0,,,,1.0,,,,1.0,,1.0,,,,1.0,,1.0,,,,1.0,,,,1.0,,,,1.0,,1.0,,,1.0,,,,,,,1.0,,,1.0,,,,,,,,,,
Scotland,Highlands,Aberfeldy,Aberfeldy 12 Years,2.0,,10,,1.0,,9,,,2.0,,2.0,,1.0,,,6.0,,1.0,8.0,2.0,,1.0,1.0,,1.0,,3.0,1.0,1.0,1.0,,,,,1.0,1.0,,,1.0,,,,,1.0,2.0,,1.0,,1.0,,,,2.0,10,,6,,7.0,,1.0,2,4.0,1.0,1.0,,1.0,,1.0,5.0,5.0,1.0,1.0,1.0,,,1.0,1.0,,1.0,1.0,,2.0,1.0,,,8.0,,3.0,1.0,2.0,,,,,,,1.0,6,1.0,4.0,10.0,1.0,1.0,1.0,4.0,1.0,,1.0,1.0,1.0,1.0,,,,,1.0,,,,,,,,1.0,,1.0,,,2.0,,1.0,1.0,2.0,4.0,,1.0,1.0,,2.0,2.0,,,,,,1.0,4.0,4.0,,,,,,1.0,1.0,1.0,1.0,,,,1.0,1.0,,,1.0,,,,,1.0,1.0,1.0,,2.0,1.0,,,1.0,,,,,,,,1.0,,3.0,,2.0,,,1.0,,,,,,,1.0,,,,,,,,,,,,,
Scotland,Islay,Ardbeg,Ardbeg Corryvreckan,10.0,4.0,8,3.0,1.0,1.0,3,2.0,2.0,2.0,1.0,3.0,5.0,3.0,,1.0,1.0,1.0,1.0,1.0,1.0,3.0,1.0,1.0,1.0,2.0,1.0,1.0,1.0,1.0,,1.0,4.0,,,1.0,1.0,,1.0,,4.0,,,1.0,1.0,1.0,,1.0,2.0,1.0,1.0,,,10.0,8,7.0,10,4.0,5.0,4.0,2.0,2,2.0,5.0,2.0,1.0,8.0,1.0,2.0,3.0,1.0,2.0,1.0,5.0,1.0,1.0,3.0,4.0,1.0,,1.0,1.0,1.0,2.0,2.0,1.0,1.0,1.0,1.0,2.0,,1.0,1.0,,,1.0,,10.0,5,3.0,2.0,7.0,2.0,1.0,1.0,3.0,7.0,1.0,1.0,,5.0,3.0,2.0,1.0,3.0,2.0,5.0,4.0,2.0,3.0,,1.0,,,,1.0,,,1.0,,2.0,1.0,,1.0,,,1.0,,,1.0,,,,,1.0,,,,,,,,,,,,,,,,,,,,,1.0,,,,,1.0,,,,,1.0,,1.0,,,1.0,,,,,,1.0,,,,1.0,,,,,1.0,,,,,,,,,,,,,,,,,,
Scotland,Speyside,Glenfiddich,Glenfiddich 18 Years,2.0,,6,,6.0,,10,,,6.0,,2.0,1.0,2.0,,,2.0,,1.0,2.0,,,1.0,,,2.0,,1.0,7.0,1.0,1.0,1.0,,,,1.0,,1.0,,,1.0,1.0,,,,,,,2.0,,,,,2.0,8,,5,,8.0,,7.0,10,7.0,2.0,2.0,,1.0,,3.0,3.0,2.0,1.0,1.0,1.0,,,1.0,2.0,,,1.0,,1.0,1.0,,1.0,1.0,,1.0,,3.0,,1.0,,,,2.0,1.0,8,10.0,5.0,5.0,1.0,,3.0,7.0,3.0,1.0,1.0,3.0,,3.0,,,3.0,,,,,1.0,,1.0,,,,1.0,,,1.0,1.0,,1.0,,2.0,,,1.0,,,1.0,,,2.0,,,,1.0,,,1.0,,,,,,1.0,,1.0,,,,,,,,,,,,,,,,,1.0,,,,,,,,,,,,,,,,,,1.0,1.0,,,,,,,1.0,,,,,,,,,,,,,
Scotland,Islands,Highland Park,Highland Park 18 Years,10.0,1.0,6,1.0,8.0,,3,1.0,1.0,4.0,,2.0,,2.0,1.0,,2.0,,1.0,2.0,1.0,1.0,1.0,1.0,,1.0,,3.0,1.0,1.0,1.0,,,1.0,,1.0,1.0,1.0,,,1.0,1.0,1.0,,,2.0,,1.0,,,,,,9.0,10,3.0,4,2.0,3.0,1.0,5.0,6,2.0,,2.0,1.0,1.0,,2.0,2.0,2.0,,,,,,1.0,1.0,,1.0,1.0,,1.0,,,1.0,7.0,1.0,2.0,1.0,,,,,,,1.0,10.0,10,6.0,4.0,9.0,2.0,2.0,8.0,3.0,1.0,,6.0,6.0,1.0,1.0,,,1.0,,1.0,,,2.0,,,,1.0,1.0,1.0,,1.0,2.0,6.0,,2.0,1.0,1.0,1.0,1.0,,,,1.0,,1.0,1.0,1.0,,,,2.0,,,,,1.0,,,1.0,1.0,,,1.0,1.0,,,,,,,,1.0,,2.0,,1.0,,,1.0,1.0,,1.0,,1.0,,2.0,1.0,,,,,,,,,,,,,,,,,,,,,1.0,,,,,,,,,
Scotland,Speyside,Aberlour,Aberlour 10 Years,1.0,,5,,6.0,,10,,,2.0,,2.0,1.0,4.0,,,2.0,1.0,,1.0,1.0,1.0,1.0,1.0,,2.0,,1.0,1.0,,1.0,,,,,,1.0,1.0,,,,,,,,,,1.0,1.0,1.0,,1.0,,3.0,10,,8,,10.0,,8.0,4,7.0,1.0,1.0,,2.0,,1.0,3.0,2.0,,,1.0,,,2.0,2.0,,1.0,1.0,,2.0,3.0,,1.0,,,1.0,,,1.0,,,,,,3.0,10,7.0,10.0,10.0,,,4.0,2.0,4.0,,8.0,4.0,2.0,2.0,,,4.0,,3.0,3.0,,,2.0,3.0,,,3.0,,,2.0,,2.0,,7.0,1.0,1.0,,,1.0,,,1.0,,1.0,,,1.0,1.0,1.0,2.0,2.0,,,6.0,,,,1.0,,,,,,1.0,,,,,,,,,,2.0,,,,1.0,,,,,1.0,,,2.0,,,,,,,,,,1.0,,,,,,,,,,,,,,2.0,,,,,,
Scotland,Speyside,Ardmore,Ardmore Traditional Cask,10.0,1.0,4,,,1.0,2,1.0,2.0,1.0,1.0,3.0,1.0,6.0,,1.0,1.0,1.0,,,,2.0,1.0,,,3.0,,2.0,1.0,,,,,,1.0,1.0,,,,,1.0,,,,1.0,2.0,,,3.0,,,,,10.0,6,1.0,5,1.0,4.0,,1.0,4,2.0,1.0,4.0,,1.0,1.0,,1.0,1.0,1.0,1.0,1.0,,,3.0,,1.0,,1.0,1.0,1.0,1.0,,,,,,,,,,,,,,10.0,4,9.0,8.0,5.0,3.0,3.0,,,1.0,,1.0,,,1.0,,,,1.0,,,,1.0,,1.0,,1.0,,,,,,,,,,1.0,1.0,,,,,,,,,,1.0,,,,,,,,,,,,,,,,,,,,1.0,,,,1.0,1.0,,,,,,,,,,,1.0,,,,1.0,,,,,,,,,,,,,,,,1.0,,1.0,,,,,,,,,,,
Scotland,Speyside,Glenlivet,Glenlivet 18 Years,4.0,,10,,5.0,,10,,,6.0,,5.0,1.0,3.0,1.0,,,1.0,1.0,2.0,1.0,2.0,4.0,1.0,,3.0,1.0,1.0,2.0,1.0,,,1.0,,,,,,1.0,,1.0,,,1.0,,,,,,1.0,1.0,1.0,,2.0,9,1.0,5,1.0,5.0,,2.0,10,4.0,1.0,2.0,,,,,8.0,2.0,,,1.0,,,,1.0,,1.0,1.0,,1.0,,,1.0,1.0,1.0,3.0,1.0,2.0,,,,1.0,1.0,1.0,2.0,7,10.0,7.0,4.0,,,3.0,3.0,3.0,,5.0,2.0,,2.0,,,3.0,,2.0,,,2.0,4.0,,,,2.0,,,,1.0,1.0,1.0,1.0,1.0,2.0,1.0,1.0,1.0,1.0,,3.0,,,,,,1.0,,,,,,,,,,1.0,1.0,,,,,1.0,,,,1.0,,1.0,,,,,,,1.0,,,,,,1.0,,1.0,,,,1.0,,,,,,,1.0,,,,,,,,,,,,,,,,,,,,
Scotland,Speyside,Glendronach,Glendronach 18 Years Allardice,1.0,,7,,10.0,,10,,,5.0,,1.0,3.0,4.0,3.0,,1.0,1.0,2.0,1.0,2.0,1.0,2.0,2.0,,2.0,1.0,,,3.0,1.0,2.0,2.0,1.0,1.0,,1.0,1.0,1.0,,2.0,,1.0,,1.0,,,,,,1.0,3.0,,1.0,10,1.0,6,1.0,5.0,,10.0,7,1.0,5.0,1.0,,2.0,,1.0,3.0,2.0,5.0,,1.0,,,1.0,7.0,,1.0,,1.0,,1.0,,1.0,,,3.0,1.0,,,1.0,1.0,,1.0,1.0,2.0,10,10.0,5.0,8.0,,,5.0,5.0,5.0,,10.0,4.0,,4.0,,,3.0,,2.0,,,,2.0,1.0,,,,1.0,,,,,,,,1.0,,1.0,1.0,,,3.0,,,,,,,1.0,3.0,2.0,,,,,,,,,,,,,1.0,,1.0,,,,,,,3.0,,1.0,1.0,,,1.0,,,,,1.0,,,,,,,1.0,,,,,1.0,,,,,,,,,,,,,,,,,,,,
Scotland,Speyside,Glenfarclas,Glenfarclas 25 Years,2.0,,9,,10.0,,6,,,4.0,,3.0,4.0,2.0,1.0,,1.0,1.0,2.0,5.0,2.0,1.0,2.0,2.0,,4.0,1.0,1.0,,1.0,,3.0,1.0,1.0,,,,,1.0,,4.0,1.0,1.0,,,,,1.0,1.0,,,2.0,,1.0,4,,2,,4.0,,10.0,8,1.0,2.0,1.0,,1.0,,1.0,4.0,3.0,1.0,,1.0,1.0,,1.0,2.0,,1.0,,1.0,,1.0,,1.0,1.0,,1.0,,,,,,1.0,,1.0,10.0,10,9.0,6.0,8.0,,,2.0,2.0,4.0,,10.0,2.0,1.0,3.0,,,6.0,,,,1.0,,,,,,2.0,,,,,1.0,1.0,,,,,,1.0,,,1.0,,,,,,,,2.0,2.0,,,,,,,1.0,,,,,,1.0,,,,,,,,,,,,,,,1.0,,,,,1.0,,,,1.0,1.0,,1.0,,,,,,,,,,,,,,,1.0,,,,,,,,,,
Scotland,Speyside,Aberlour,Aberlour 12 Years Non Chill-Filtered,1.0,,4,,6.0,,10,,,1.0,,2.0,1.0,2.0,,,1.0,,2.0,2.0,2.0,1.0,1.0,2.0,,1.0,,1.0,2.0,2.0,2.0,,1.0,,,,,,,,2.0,,,1.0,,1.0,,,,1.0,,2.0,,1.0,10,,8,,8.0,,9.0,2,1.0,2.0,1.0,,1.0,,,2.0,1.0,2.0,,,,,1.0,7.0,,3.0,,,1.0,1.0,,4.0,1.0,,1.0,1.0,,1.0,1.0,,,1.0,1.0,1.0,9,3.0,4.0,10.0,,,3.0,4.0,2.0,,4.0,2.0,2.0,2.0,,1.0,3.0,,1.0,2.0,,,,,1.0,,,,,,1.0,1.0,,2.0,,,,1.0,1.0,,,1.0,,,,,,1.0,,,,1.0,,,,,,,,,,,,2.0,,,,,,1.0,,,,,,,,,,,,1.0,,1.0,,,,,,,,,,1.0,,,,,,,,,,,,,1.0,,,,,,,,,
Scotland,Speyside,Glenfarclas,Glenfarclas 12 Years,4.0,,7,,10.0,,7,,,3.0,,2.0,1.0,6.0,,,2.0,,2.0,2.0,2.0,1.0,,1.0,1.0,1.0,,1.0,1.0,,,1.0,,1.0,1.0,1.0,1.0,1.0,,,1.0,,,,,,,,,1.0,,1.0,,5.0,8,,4,,7.0,,10.0,7,3.0,1.0,1.0,,,,,1.0,1.0,1.0,,,,,1.0,1.0,,1.0,,,1.0,1.0,,1.0,2.0,,1.0,,,1.0,1.0,,,1.0,1.0,6.0,6,10.0,10.0,10.0,,,4.0,4.0,3.0,,6.0,1.0,1.0,,,,,,,3.0,,,1.0,,,,,,,1.0,,1.0,3.0,1.0,,1.0,,,1.0,1.0,,1.0,,,,,,,,,,,,,,,,,,,,,,,1.0,,1.0,,,1.0,3.0,,,,,,,,,,,,1.0,,,,1.0,,,,,,,,,1.0,,1.0,,,,,,,,,,,,,,,,,,
Scotland,Highlands,Dalmore,Dalmore 12 Years,2.0,,9,,9.0,,10,,,1.0,,4.0,3.0,4.0,,,1.0,,1.0,,4.0,1.0,3.0,4.0,,1.0,,1.0,,1.0,2.0,2.0,1.0,,,,1.0,,,,5.0,1.0,,,,,,,,,,4.0,,1.0,9,,6,,4.0,,10.0,6,3.0,4.0,3.0,,1.0,,1.0,1.0,,1.0,,3.0,,,1.0,3.0,,1.0,1.0,,2.0,,,3.0,,3.0,6.0,,,,3.0,,,,1.0,,10,4.0,4.0,6.0,,,1.0,6.0,3.0,,2.0,,,1.0,,,3.0,,3.0,,,5.0,1.0,,,,,,,,,,,,1.0,,,,1.0,,,3.0,,,,,,,,5.0,5.0,,,,,,,,,,,,,,1.0,,,,,,4.0,,,,,4.0,,,,1.0,,,,,,,,,,,,,,,,,,,,,,,,,,,,,,,,,,,,
Scotland,Islay,Laphroaig,Laphroaig Quarter Cask - new Casing,10.0,4.0,7,2.0,,1.0,4,2.0,2.0,3.0,1.0,3.0,1.0,3.0,,1.0,2.0,1.0,,1.0,,1.0,1.0,,,1.0,,2.0,1.0,,1.0,,,,,1.0,,3.0,,,,,,,,1.0,,,,,2.0,,,10.0,6,3.0,7,2.0,2.0,1.0,,3,1.0,2.0,1.0,,3.0,,,1.0,1.0,,,,1.0,2.0,1.0,1.0,,1.0,1.0,1.0,1.0,1.0,,,1.0,,,,,,,,,,,10.0,2,4.0,1.0,4.0,1.0,,,1.0,1.0,1.0,,,1.0,,,,,,,2.0,,,,1.0,,,,,,,,,1.0,1.0,1.0,,,,,,,,,1.0,,,1.0,,,,,,,,1.0,,,,1.0,,,,,,,,,,,,,,,,,,,,,,,,,,,,,,,,1.0,,1.0,,,,,,,1.0,,,,,,2.0,,,1.0,,1.0,,,,,
Scotland,Highlands,Glenmorangie,Glenmorangie 12 Years Lasanta,,,10,,7.0,,4,,,,,4.0,1.0,2.0,,,1.0,,3.0,7.0,2.0,,4.0,2.0,,1.0,,,,,1.0,1.0,,,,,,,,,5.0,,,,1.0,,,,,,,1.0,,,10,,5,,4.0,,10.0,5,1.0,1.0,2.0,,1.0,,,4.0,1.0,1.0,,,,,1.0,3.0,,4.0,,,,,,,2.0,,4.0,,,,,,,,6.0,2.0,5,7.0,4.0,10.0,,,4.0,,4.0,,6.0,4.0,,2.0,,,2.0,,,2.0,3.0,,2.0,2.0,,,,,,,,,,,,,,,,,,4.0,,,,,,,,,,,,,,,,,,,,,,,,,,,,,,,,,,,,,,,,,1.0,,,,,,,,,,,,,,,,,,,,,,,,,,,,,,,,,
Scotland,Lowlands,Auchentoshan,Auchentoshan 12 Years,,,10,,1.0,,7,,,1.0,,5.0,1.0,1.0,,,4.0,,,2.0,4.0,,1.0,2.0,1.0,3.0,,2.0,1.0,,,,1.0,,,1.0,2.0,1.0,,,,,,,1.0,1.0,1.0,,2.0,,,,,1.0,10,1.0,5,1.0,8.0,,2.0,8,2.0,1.0,4.0,,2.0,,,5.0,4.0,1.0,1.0,,,,1.0,,,2.0,2.0,1.0,4.0,1.0,1.0,,3.0,2.0,6.0,1.0,1.0,,,,,,1.0,2.0,6,6.0,4.0,4.0,1.0,1.0,10.0,4.0,1.0,,1.0,2.0,3.0,1.0,,,,,,,,2.0,,1.0,,1.0,,,,1.0,,,,,1.0,1.0,1.0,1.0,,,,1.0,,1.0,,,1.0,,1.0,1.0,1.0,,,,,,,,,1.0,,,4.0,,1.0,,2.0,,,,,,,,,,,1.0,,,,,1.0,1.0,1.0,,1.0,1.0,,,,,,,1.0,1.0,,,,,,,1.0,,,,1.0,,,,,,,,,
Scotland,Islay,Bowmore,Bowmore 18 Years,10.0,2.0,8,1.0,5.0,,8,2.0,2.0,1.0,,4.0,2.0,3.0,1.0,,1.0,1.0,1.0,,1.0,1.0,2.0,1.0,,2.0,1.0,1.0,1.0,1.0,1.0,,1.0,,,,,,1.0,1.0,3.0,1.0,,1.0,,1.0,,1.0,2.0,1.0,1.0,1.0,,10.0,10,2.0,3,2.0,8.0,1.0,3.0,3,1.0,2.0,2.0,1.0,1.0,1.0,,2.0,2.0,1.0,,1.0,,,1.0,7.0,,1.0,1.0,1.0,1.0,,,,1.0,,1.0,,1.0,2.0,1.0,,,,2.0,10.0,5,4.0,4.0,5.0,1.0,,2.0,5.0,2.0,1.0,2.0,2.0,1.0,2.0,,,2.0,1.0,1.0,3.0,,,,1.0,,,,2.0,,,1.0,,,1.0,,1.0,1.0,,1.0,,,1.0,,,,,,,,,,,,,,,,1.0,,,,,,1.0,,,,,,,,1.0,,,,,,,,,,,1.0,,,,,,,,,,,,1.0,1.0,,1.0,,,,,,,,,,,1.0,,,,,,,
Scotland,Speyside,Macallan,Macallan Amber,2.0,,10,,6.0,,6,,,2.0,,8.0,,5.0,,,3.0,,5.0,2.0,4.0,2.0,2.0,2.0,,1.0,,2.0,4.0,,3.0,,,,,,2.0,,,,,,,1.0,,,1.0,,1.0,,,,,2.0,6,,10,,9.0,,4.0,9,4.0,,1.0,,1.0,,,3.0,2.0,,,,,,2.0,1.0,,1.0,,,,2.0,,4.0,2.0,2.0,4.0,,4.0,,1.0,,,,1.0,1.0,7,5.0,10.0,5.0,,,1.0,10.0,1.0,,4.0,1.0,,,,,1.0,,1.0,1.0,,2.0,1.0,1.0,,,2.0,,,,,2.0,,,2.0,,,1.0,,1.0,,2.0,,,,,,,1.0,2.0,1.0,3.0,,,,1.0,,,1.0,,,,,5.0,,,4.0,,,,2.0,,,,1.0,,,,,,,,1.0,,,,4.0,,,,1.0,,3.0,,1.0,,,,,,,,1.0,,,,2.0,,,,,,,,,
Scotland,Speyside,Glenfarclas,Glenfarclas 10 Years 105,3.0,,9,,10.0,,9,,,6.0,,1.0,2.0,3.0,1.0,,1.0,1.0,3.0,1.0,2.0,3.0,4.0,1.0,,2.0,1.0,1.0,4.0,,1.0,,2.0,1.0,,,1.0,1.0,,,3.0,,,,1.0,1.0,,1.0,,1.0,,1.0,,2.0,8,,4,,9.0,,10.0,8,4.0,2.0,1.0,,1.0,,1.0,3.0,1.0,1.0,,,1.0,,1.0,2.0,,1.0,1.0,1.0,2.0,2.0,,,2.0,1.0,1.0,1.0,1.0,,,,,1.0,1.0,7.0,10,10.0,3.0,7.0,,,8.0,,1.0,,9.0,7.0,3.0,1.0,,,2.0,,1.0,2.0,,,2.0,6.0,,,,,,,,2.0,,,,6.0,,,,,,1.0,,1.0,,1.0,,,1.0,,,,,,,,,,,,,,,,,,,,,,,,,,,,1.0,1.0,,,,,1.0,2.0,,,,,,,,1.0,,,,1.0,,,,,,,,,,,,,,,,,,,,
Scotland,Islands,Talisker,Talisker Port Ruighe,10.0,4.0,9,3.0,3.0,,9,3.0,1.0,3.0,,2.0,2.0,3.0,1.0,1.0,2.0,,1.0,1.0,1.0,1.0,1.0,1.0,,1.0,2.0,,,,1.0,,,1.0,,,,,1.0,,2.0,1.0,,,,,,,,1.0,1.0,4.0,,10.0,7,2.0,10,2.0,8.0,1.0,4.0,1,3.0,2.0,1.0,1.0,6.0,,2.0,2.0,2.0,2.0,1.0,1.0,1.0,,4.0,2.0,1.0,1.0,1.0,1.0,1.0,1.0,,1.0,,,,,,1.0,,1.0,,1.0,1.0,10.0,6,3.0,4.0,8.0,2.0,1.0,,6.0,3.0,2.0,3.0,,3.0,2.0,,,2.0,,1.0,3.0,1.0,,,,,,,,,,1.0,,,1.0,,,,1.0,2.0,,,,,,1.0,,,1.0,,,,,,,,,,,,,,,,,,,,,1.0,,1.0,,,,,,,,,,,,,,,,,1.0,,,,1.0,,,,,,1.0,,1.0,,,1.0,1.0,,,,,,,,,,,,
Scotland,Highlands,Glenmorangie,Glenmorangie Nectar d'Or,2.0,,10,,4.0,,10,,,1.0,,4.0,,5.0,,,1.0,,1.0,3.0,4.0,1.0,1.0,3.0,,2.0,,2.0,,,,,,1.0,1.0,,2.0,,,,1.0,,3.0,1.0,,2.0,3.0,,1.0,1.0,,,,1.0,10,,8,,4.0,,1.0,1,1.0,1.0,4.0,,1.0,,,5.0,3.0,,,1.0,,,3.0,1.0,,,,,,1.0,,,4.0,2.0,3.0,3.0,,,,1.0,,,1.0,,10,4.0,4.0,7.0,2.0,2.0,5.0,2.0,1.0,,,5.0,,,,,5.0,,1.0,,,5.0,,,,,,,,,1.0,2.0,,1.0,,1.0,,,,,,1.0,,,,,,,2.0,5.0,,,,,,,,1.0,,,,,1.0,5.0,,,,,,,,,,,5.0,,1.0,1.0,,1.0,1.0,,1.0,,,5.0,,,,,,4.0,,,,,,,,,,,,,,2.0,5.0,,,,,,,,,
Scotland,Speyside,Aberlour,Aberlour 15 Years Select Cask Reserve,,1.0,10,1.0,5.0,,3,,,2.0,,3.0,2.0,1.0,,,5.0,1.0,1.0,8.0,3.0,,4.0,1.0,,2.0,1.0,2.0,,,,1.0,,,,,,1.0,,,2.0,,,,,1.0,,1.0,2.0,1.0,,,,2.0,10,,4,,3.0,,6.0,4,4.0,2.0,6.0,,1.0,,1.0,4.0,4.0,1.0,,1.0,,,2.0,2.0,,2.0,1.0,,1.0,1.0,,,3.0,,2.0,,1.0,,,,1.0,,1.0,1.0,7,4.0,8.0,10.0,,,9.0,3.0,3.0,,3.0,7.0,1.0,1.0,,,3.0,,,6.0,1.0,1.0,1.0,,,,,,,,,,1.0,,1.0,,,,,,,2.0,,,,,,,,,,,,,,1.0,,1.0,,,2.0,,,,,,,,,,,,,,,,1.0,,,,,,,,,,,,,,,,,,,,,,,,,,,,,,,,,,,,,,,
Scotland,Campbeltown,Springbank,Springbank 10 Years,10.0,3.0,7,2.0,3.0,,6,3.0,,1.0,1.0,3.0,1.0,2.0,,,6.0,1.0,1.0,1.0,1.0,1.0,1.0,,,1.0,,2.0,1.0,,,,,,,1.0,1.0,,,1.0,,,,,1.0,,,1.0,1.0,1.0,,,,9.0,9,4.0,10,4.0,3.0,1.0,2.0,5,6.0,2.0,4.0,,3.0,,,4.0,,1.0,,1.0,1.0,,2.0,2.0,,,1.0,,3.0,2.0,,3.0,1.0,1.0,2.0,,2.0,,,,,,,10.0,8,4.0,4.0,10.0,9.0,9.0,3.0,,3.0,,1.0,1.0,3.0,3.0,,,2.0,,,4.0,,,,2.0,,,,,,,1.0,,,1.0,1.0,2.0,1.0,1.0,,,,1.0,,,,,1.0,2.0,3.0,1.0,,,,,,,,,1.0,,,,,1.0,,,,,,,1.0,,,,,,1.0,,,,1.0,,,,,,,,,,1.0,,1.0,,1.0,,,,,,,,,,,,,,,,,,,,,
Scotland,Speyside,Macallan,Macallan 12 Years,3.0,,7,,10.0,,6,,,3.0,,4.0,,4.0,1.0,,1.0,,2.0,2.0,2.0,,,2.0,,3.0,,,,1.0,,,,,1.0,,,1.0,1.0,1.0,2.0,1.0,1.0,3.0,,,,,3.0,1.0,,1.0,,3.0,5,,4,,3.0,,10.0,4,1.0,1.0,,,1.0,,,6.0,5.0,1.0,,,,,,2.0,,1.0,,,,1.0,,1.0,2.0,,1.0,,,,1.0,,1.0,,2.0,4.0,10,7.0,1.0,1.0,,,4.0,4.0,2.0,,10.0,1.0,,2.0,,,2.0,,,1.0,,,1.0,,,,5.0,,,2.0,,1.0,,,,1.0,,,1.0,,,1.0,,,,,,,1.0,,,,,,,,,,,,,,,,,,,,,,,,,,,,,,1.0,,,,,1.0,,,,,,,,,,,,,,,,1.0,,,,,,,,,,,,,,,,
Scotland,Highlands,Dalmore,Dalmore King Alexander III,1.0,,8,,7.0,,10,,,1.0,,5.0,2.0,2.0,1.0,,,1.0,2.0,,4.0,1.0,1.0,4.0,,3.0,1.0,1.0,,1.0,1.0,,1.0,1.0,,,,,1.0,,3.0,1.0,1.0,1.0,,1.0,,,,,,3.0,,1.0,10,,5,,9.0,,4.0,3,1.0,5.0,3.0,,1.0,,1.0,3.0,2.0,2.0,,2.0,,,1.0,4.0,,1.0,,1.0,1.0,1.0,,1.0,1.0,2.0,2.0,1.0,,3.0,3.0,,,1.0,1.0,,7,3.0,4.0,9.0,,,2.0,10.0,2.0,,3.0,1.0,,1.0,,,3.0,,2.0,,,4.0,2.0,,2.0,,1.0,,,,,,1.0,,,,,2.0,4.0,,1.0,,,,,,,1.0,1.0,4.0,3.0,,,,,,,,,,2.0,,,,,1.0,,,,,2.0,1.0,2.0,,,,,,,,1.0,,,2.0,,2.0,,1.0,,,,,,,,,,5.0,,,,,,1.0,,,,,,,,,,,,
Scotland,Speyside,Benriach,Benriach 12 Years Sherry,2.0,,7,,10.0,,6,,,3.0,,3.0,6.0,6.0,1.0,,,,3.0,1.0,1.0,1.0,,1.0,,1.0,,,,,1.0,4.0,4.0,1.0,1.0,,,,,,4.0,,,1.0,,,,,,,,1.0,,1.0,7,,6,,7.0,,10.0,3,1.0,5.0,3.0,,1.0,,1.0,1.0,1.0,2.0,,4.0,,,,3.0,,,,,,1.0,,1.0,,1.0,1.0,,,1.0,,1.0,,,2.0,1.0,6,8.0,5.0,2.0,,,,6.0,3.0,,10.0,,,1.0,,,3.0,,2.0,,1.0,,,1.0,,,,1.0,,,,,,,,1.0,,,1.0,,,1.0,,,,,,,1.0,,,,,,,,,,,,,,,,,,,,,,,,,,,,,1.0,2.0,,,,,1.0,,,,,,,,,,,,,,,,,,,,,,,,,,,,,,,,
Scotland,Highlands,Edradour,Edradour 10 Years,,,10,,9.0,,8,,,3.0,,7.0,,3.0,1.0,,2.0,,1.0,2.0,1.0,,1.0,1.0,,4.0,,3.0,1.0,,,,,,,,,1.0,,,1.0,1.0,,,,2.0,1.0,,1.0,,,,,4.0,7,,7,,5.0,,4.0,5,9.0,2.0,1.0,,1.0,,1.0,10.0,4.0,2.0,4.0,,1.0,,2.0,2.0,,2.0,1.0,,1.0,4.0,,,4.0,,2.0,4.0,1.0,,,,,,,1.0,6,7.0,6.0,10.0,1.0,1.0,4.0,7.0,2.0,,2.0,1.0,2.0,1.0,,,2.0,,1.0,1.0,,,,,,,,,,,,3.0,,,1.0,1.0,,3.0,,,,2.0,,,,,,,,,,1.0,,,,,,,,,,,1.0,,,,,,,,,,,,,,,,,,,,1.0,,,,,,,,,1.0,,,,,,,,,,,,,,,,,,,,,,,,
Scotland,Speyside,Dufftown,The Singleton of Dufftown 12 Years,,1.0,6,,2.0,,10,1.0,,5.0,,1.0,1.0,1.0,,,6.0,1.0,,2.0,1.0,,,1.0,,1.0,,1.0,4.0,1.0,,,,,,,1.0,,,,,,1.0,,,1.0,,,,,,,,2.0,10,,4,,8.0,,1.0,6,5.0,4.0,1.0,,,,,3.0,3.0,1.0,,4.0,,,,1.0,,2.0,2.0,,2.0,2.0,,,1.0,1.0,1.0,,2.0,1.0,,1.0,,,1.0,2.0,7,5.0,10.0,8.0,,,2.0,3.0,,,2.0,2.0,,,,,2.0,,,1.0,,,,2.0,,,,,,,1.0,1.0,,1.0,,2.0,1.0,,,1.0,,1.0,,,,,,,,1.0,,,,,,,,,,,,,,,,,,,,,,,,,1.0,,2.0,,,,,,,,,,,,,,1.0,,1.0,,,,,,,,,,,,,,,,,,,,,,,
Scotland,Speyside,Glenfarclas,Glenfarclas 18 Years,,,10,,8.0,,7,,,1.0,,8.0,1.0,1.0,1.0,,,,3.0,7.0,3.0,,1.0,1.0,,2.0,,1.0,,1.0,1.0,1.0,1.0,,1.0,,,,,1.0,2.0,,,,,1.0,3.0,,,1.0,1.0,1.0,,1.0,10,,1,,10.0,,5.0,7,,3.0,2.0,,1.0,,1.0,6.0,2.0,1.0,,2.0,1.0,,,1.0,,3.0,,,,1.0,,,7.0,3.0,4.0,4.0,3.0,1.0,,1.0,1.0,3.0,1.0,,3,10.0,,7.0,,,2.0,4.0,2.0,,5.0,2.0,,1.0,,,1.0,,,1.0,,,1.0,,,,,,,,,,1.0,,,,,1.0,1.0,,,1.0,1.0,1.0,,,,,,,,,,,,,,,,,,,,,,,,,,,,1.0,,,,,,1.0,,,,,,1.0,,,,,,,,,,,,,,1.0,,,,,,,,,,,,,,,,,,
Scotland,Lowlands,Glenkinchie,Glenkinchie 12 Years,1.0,2.0,9,2.0,,,4,2.0,,1.0,,7.0,,2.0,,,10.0,,,2.0,6.0,1.0,,,,5.0,,10.0,,,,,,,,2.0,6.0,,,4.0,,,,,,,1.0,,4.0,1.0,,,,2.0,10,,6,,7.0,,,3,9.0,2.0,2.0,,2.0,,,5.0,3.0,2.0,,1.0,,,,1.0,,1.0,3.0,,5.0,2.0,,,3.0,3.0,3.0,,,,,,,,,2.0,3,4.0,8.0,9.0,,,5.0,7.0,,,2.0,5.0,2.0,,,,2.0,,,,,,,,,,,,,,3.0,,,10.0,8.0,1.0,1.0,,,,,,,,,1.0,1.0,,,,,,,,,,,,1.0,,,,,,2.0,3.0,2.0,,,,,,,2.0,,,,,,,,,,,,,2.0,,,,,,,,,,,,,,,,1.0,,,,,,,,,,,,,
Scotland,Highlands,Dalmore,Dalmore 15 Years The Fifteen,1.0,,8,,10.0,,7,,,3.0,,5.0,,8.0,2.0,,2.0,,2.0,1.0,4.0,,,4.0,,1.0,,2.0,,1.0,4.0,,,1.0,,1.0,,,,,2.0,2.0,1.0,,,2.0,,,,,1.0,4.0,,,7,1.0,10,,5.0,1.0,6.0,4,3.0,3.0,5.0,,1.0,,1.0,2.0,2.0,1.0,,2.0,1.0,,,1.0,,,1.0,,1.0,,,2.0,2.0,1.0,7.0,,,1.0,4.0,1.0,,1.0,1.0,4.0,10,7.0,8.0,10.0,,,1.0,8.0,2.0,,8.0,1.0,2.0,2.0,,,,,1.0,,,7.0,,3.0,,,,1.0,,,1.0,,,1.0,1.0,1.0,,1.0,1.0,,,6.0,,,,,,,1.0,6.0,5.0,4.0,,,,,,,,,,,,3.0,,,,,,,2.0,1.0,1.0,,1.0,,,1.0,,,,,,1.0,,3.0,,,,,,1.0,,,,,,,,,,,,,,,4.0,,,,,,,,,
Scotland,Speyside,Glenlivet,Glenlivet 15 Years French Oak Reserve,1.0,1.0,10,,3.0,,10,1.0,,8.0,,6.0,,2.0,1.0,,,,1.0,5.0,2.0,1.0,,1.0,,4.0,,2.0,2.0,,,,,,2.0,1.0,1.0,,,,,,,,1.0,,,,4.0,,,1.0,,,7,,7,,8.0,,5.0,10,,2.0,1.0,,1.0,,1.0,6.0,1.0,1.0,,,1.0,,1.0,,,,,,1.0,,,2.0,1.0,1.0,2.0,,,,1.0,1.0,,,1.0,2.0,10,6.0,2.0,4.0,,,6.0,5.0,2.0,,1.0,1.0,,1.0,,,1.0,1.0,1.0,,,2.0,1.0,2.0,5.0,,1.0,,,1.0,,2.0,,,2.0,3.0,,,,,,1.0,1.0,,,1.0,1.0,,1.0,,,1.0,,,,1.0,,,,,1.0,,,,,,,,,,1.0,,,,,,1.0,,,,,,,,,,,,,,,,,,,1.0,,,,,,,,,,,,,,,,,,,,
Scotland,Islands,Jura,Jura Superstition,10.0,1.0,8,,2.0,1.0,5,1.0,1.0,1.0,1.0,2.0,1.0,2.0,1.0,,3.0,1.0,,3.0,1.0,,1.0,1.0,1.0,3.0,,1.0,1.0,,,,,,,1.0,1.0,,,,1.0,,,,,1.0,,1.0,3.0,,,1.0,,10.0,9,3.0,10,3.0,3.0,,2.0,2,5.0,2.0,1.0,,4.0,,,4.0,4.0,1.0,3.0,1.0,,1.0,1.0,2.0,,1.0,,,,1.0,,1.0,5.0,,1.0,,,,,,,,,10.0,10,3.0,2.0,10.0,3.0,3.0,1.0,3.0,3.0,,1.0,1.0,2.0,1.0,,,1.0,,2.0,1.0,,2.0,,1.0,,,,,,,,5.0,,,,1.0,1.0,1.0,1.0,,,1.0,1.0,,,,,,1.0,,,,,,,,,,,,,,,1.0,,,,1.0,,,,,,,,1.0,,,,,,,,,,,,,,,,,,,,,,,,,,,,,,,,,,,,,,,,
Scotland,Campbeltown,Springbank,Springbank 15 Years,9.0,3.0,10,2.0,10.0,1.0,9,2.0,2.0,5.0,1.0,3.0,5.0,1.0,1.0,,1.0,,1.0,1.0,1.0,,5.0,,,4.0,,,2.0,,,,5.0,,,,,,,3.0,5.0,,,,,,1.0,,,1.0,,,,10.0,7,2.0,6,2.0,4.0,1.0,10.0,4,3.0,4.0,5.0,1.0,3.0,1.0,1.0,5.0,4.0,4.0,1.0,,,1.0,1.0,4.0,,1.0,1.0,,1.0,1.0,,,2.0,1.0,2.0,1.0,,,,,,,4.0,6.0,3,9.0,5.0,6.0,2.0,2.0,,2.0,5.0,1.0,10.0,,1.0,,,,,,,,5.0,,,,,,,,,,,,,,,1.0,,4.0,,,,1.0,,,,,,,1.0,,,,,,,,,2.0,,1.0,,,,1.0,,,,,,,,,,,,,1.0,1.0,3.0,,,,,2.0,,,,,1.0,,,,,,,,,,,,,,,,,,,,1.0,,,,,,,
Scotland,Islands,Arran,Arran 10 Years,3.0,1.0,9,,,,10,1.0,,2.0,,9.0,4.0,2.0,,,4.0,,,2.0,1.0,2.0,,1.0,,,,1.0,,,1.0,,4.0,,,,,3.0,,,1.0,,,,,1.0,1.0,,,1.0,,,,2.0,10,2.0,10,2.0,4.0,,1.0,9,3.0,2.0,5.0,,1.0,,,,,2.0,,,,,2.0,1.0,,,1.0,,1.0,1.0,,7.0,1.0,1.0,1.0,,1.0,,,,,,,6.0,3,3.0,10.0,8.0,2.0,2.0,6.0,6.0,2.0,,,6.0,2.0,2.0,,,2.0,,2.0,3.0,,2.0,,,,,,,2.0,,,,,,1.0,1.0,1.0,,,,3.0,1.0,,,,,1.0,,,,,,,,,,,4.0,,3.0,,,,,,,,,,,2.0,,,,,,,,,,,,1.0,,,,,,2.0,,,,,,,,2.0,,,,,1.0,,,,,,,,,,1.0,,,,
Scotland,Islay,Laphroaig,Laphroaig 18 Years,10.0,6.0,9,6.0,1.0,,6,5.0,,2.0,1.0,5.0,1.0,6.0,,,,1.0,,4.0,,,4.0,,,,,4.0,1.0,,,,,,,,,,,,,,,,,1.0,,,,,1.0,,,10.0,9,5.0,5,1.0,,5.0,1.0,4,2.0,,3.0,1.0,1.0,,,4.0,4.0,,,,,,2.0,4.0,,3.0,3.0,,3.0,1.0,,1.0,2.0,1.0,1.0,,,,,,,,,10.0,2,4.0,5.0,6.0,,,7.0,2.0,,,,7.0,,,,,,,,2.0,,,,,,,,,,,,,,,,,,,1.0,,,,,,,3.0,,,,,,,,,,,,,4.0,,,,,,,,,,,,,,,,,,,,,,,,1.0,,,,,,,,,,,,,,,,,,,,,,,,,,,,,,,,,
Scotland,Islands,Scapa,Scapa 16 Years,2.0,6.0,10,4.0,4.0,1.0,8,2.0,,1.0,,2.0,,4.0,,,4.0,,2.0,8.0,1.0,1.0,2.0,1.0,,2.0,,9.0,2.0,,,,,,,2.0,,1.0,,,,1.0,,2.0,1.0,6.0,,2.0,2.0,2.0,2.0,1.0,,1.0,9,10.0,8,7.0,10.0,4.0,1.0,5,3.0,1.0,4.0,,1.0,,,2.0,2.0,1.0,,,,,1.0,1.0,,1.0,1.0,,1.0,,,,1.0,,1.0,,4.0,,,,,,1.0,1.0,6,3.0,2.0,10.0,9.0,4.0,,3.0,1.0,7.0,,,2.0,,,,1.0,,1.0,1.0,,3.0,,,,,2.0,,,,,2.0,,,2.0,,2.0,,,,,1.0,2.0,,,,,,,,,,,,,,,,1.0,,,,,6.0,,,,,,,,,,,,,,,,,,,,,,,,,,,,,,,1.0,,,,,,,,,,,,,,,,,,,,,
Scotland,Speyside,Macallan,Macallan 10 Years Sherry cask,1.0,,10,,9.0,,8,,,1.0,,3.0,1.0,1.0,1.0,,2.0,,2.0,4.0,1.0,,3.0,1.0,,2.0,,3.0,,,1.0,,1.0,,,,,1.0,,,2.0,,,1.0,,3.0,,,,,,1.0,,2.0,9,,5,,10.0,,9.0,8,,2.0,2.0,,2.0,,2.0,4.0,2.0,2.0,,1.0,1.0,,2.0,2.0,,2.0,,,,,,,,,1.0,1.0,,1.0,2.0,,,,,1.0,4,10.0,4.0,5.0,,,2.0,9.0,,,7.0,,,,,,1.0,,,1.0,,,,,,,2.0,,,,,,,,,,,1.0,,1.0,,1.0,,,,,,,1.0,,,,,,,,,,,,,,,,,,,,,,,,1.0,,,,,,,,,,,,,,,,,,,,,,1.0,,,,,,,,,,,,,,,,,,,,,
Scotland,Islay,Caol Ila,Caol Ila 18 Years,10.0,4.0,3,3.0,1.0,1.0,3,1.0,4.0,2.0,,2.0,,,,,1.0,,,2.0,,1.0,,,,3.0,,1.0,,,,,,,,,,,,,,,,,,1.0,,,3.0,1.0,,,,9.0,10,10.0,6,6.0,4.0,9.0,1.0,6,2.0,,1.0,1.0,,,,5.0,5.0,,,,,1.0,2.0,,,,,,1.0,,,,1.0,,,,,,,,,,,10.0,2,3.0,3.0,4.0,3.0,3.0,1.0,,,,,1.0,1.0,,,1.0,,,,1.0,,1.0,,,,,,,,,1.0,,,1.0,,1.0,,,,,,,,1.0,,1.0,,,,,,,,,,,,,,,,,,,,,,,,,,,,,,,,,,,,,,,,,,,,,,,,,,,,,,,,,,,,,,,,,,,,,,
Scotland,Speyside,Benriach,Benriach 17 Years Solstice,10.0,1.0,4,,4.0,1.0,6,,4.0,3.0,,1.0,1.0,5.0,,,1.0,,1.0,1.0,3.0,2.0,,3.0,,1.0,1.0,1.0,,2.0,2.0,,,,,,1.0,,,,,3.0,,,1.0,,,,,1.0,,,,10.0,7,1.0,6,1.0,7.0,,5.0,4,1.0,1.0,,2.0,,,1.0,3.0,3.0,1.0,,,,1.0,2.0,1.0,,,1.0,,1.0,,,2.0,,,1.0,,1.0,2.0,1.0,,1.0,,,10.0,4,3.0,3.0,3.0,1.0,1.0,1.0,4.0,3.0,,5.0,,,1.0,,,2.0,1.0,2.0,,1.0,,,,1.0,,,,1.0,,,1.0,1.0,,,1.0,,,2.0,,,1.0,1.0,,,1.0,,,,1.0,1.0,,,,,,,,1.0,1.0,,,,1.0,,,,,,,,,,,,,,1.0,,,,,,1.0,,1.0,,1.0,,,,,,,,,,1.0,,,,,,,1.0,,,1.0,,,,1.0,,,,
Scotland,Islands,Tobermory,Ledaig 10 Years,10.0,5.0,4,4.0,2.0,,4,2.0,1.0,1.0,1.0,2.0,1.0,2.0,,,3.0,1.0,,1.0,3.0,1.0,,1.0,,,,2.0,,,,,,,,1.0,3.0,,,,1.0,1.0,2.0,,,1.0,,1.0,,,1.0,1.0,,10.0,9,2.0,7,2.0,2.0,1.0,1.0,2,5.0,1.0,5.0,1.0,6.0,,1.0,1.0,1.0,1.0,1.0,,1.0,1.0,1.0,1.0,1.0,2.0,1.0,,1.0,,,,1.0,1.0,1.0,1.0,,,,,,,,10.0,6,4.0,6.0,7.0,4.0,,1.0,1.0,1.0,4.0,,1.0,6.0,,,,1.0,,1.0,4.0,,1.0,,1.0,,,,,,,1.0,,,1.0,,1.0,1.0,,,,,,1.0,1.0,,1.0,,1.0,,1.0,,,,1.0,,,,,1.0,,,,,,,,,,,,,1.0,,,1.0,,,,,,,,1.0,,,,,,,,1.0,,1.0,,,,,,,,,,1.0,,,,1.0,1.0,,,,,,,,
Scotland,Highlands,Tullibardine,Tullibardine Burgundy Finish,2.0,,10,,3.0,,8,,,1.0,,7.0,2.0,3.0,,,1.0,,1.0,1.0,,2.0,3.0,,,3.0,,1.0,,,,,2.0,,,,,,,,6.0,,,,1.0,,,,1.0,,,,,1.0,9,,8,,10.0,,1.0,3,1.0,1.0,4.0,,1.0,,,10.0,10.0,1.0,,,,,1.0,5.0,,1.0,,,,1.0,,,1.0,,,1.0,,5.0,,1.0,,,,,3,4.0,2.0,10.0,,,3.0,2.0,1.0,,1.0,1.0,,1.0,,,,,1.0,1.0,,1.0,,,,,,,,,,,,,,,,2.0,3.0,,,,,,,,,,,1.0,1.0,,,,,,,,1.0,,,,,,,,,,,,,,,,,,,,,,,,1.0,,,1.0,,,,,,,1.0,,,1.0,,,,,,,,,,,,,,,,,,,,
Scotland,Speyside,Glen Grant,Glen Grant The Major's Reserve,1.0,,4,,2.0,,10,,,1.0,,3.0,,2.0,,,4.0,,1.0,,2.0,1.0,,,,2.0,,2.0,7.0,,,,,,,2.0,2.0,1.0,,,,,,,1.0,,,1.0,1.0,,2.0,,,2.0,10,,3,,10.0,,1.0,3,6.0,,3.0,,2.0,,,9.0,4.0,,,,,,,1.0,,1.0,,,,2.0,,,1.0,,,1.0,4.0,,,1.0,,,,4.0,4,2.0,10.0,7.0,3.0,3.0,8.0,3.0,2.0,,,3.0,2.0,,,,1.0,,2.0,1.0,,,,4.0,1.0,,,,,,,,,,,2.0,1.0,,,,,,,,,,,,,,,2.0,,,,,,,1.0,,,,,,,,,,,,,,,,,,1.0,,,,,,,,,,,,,,,,,,1.0,2.0,,,,,,,,,,,1.0,,1.0,,,,,,,
Scotland,Islay,Laphroaig,Laphroaig Triple Wood,10.0,3.0,8,2.0,6.0,2.0,5,1.0,2.0,6.0,2.0,7.0,1.0,2.0,,,1.0,1.0,1.0,1.0,2.0,1.0,1.0,1.0,1.0,,,2.0,,1.0,,,1.0,1.0,,1.0,1.0,,,,,,,,,1.0,1.0,,,,,,,10.0,10,2.0,5,2.0,5.0,1.0,7.0,6,1.0,2.0,5.0,1.0,2.0,1.0,1.0,2.0,1.0,1.0,,1.0,,2.0,1.0,2.0,,,2.0,1.0,2.0,2.0,1.0,,1.0,,,,,,1.0,,,,,10.0,5,5.0,3.0,4.0,2.0,,,2.0,1.0,2.0,7.0,,1.0,1.0,,1.0,1.0,1.0,1.0,,,1.0,,,,,,,,,1.0,1.0,,1.0,1.0,,,,1.0,,,,,,,1.0,,1.0,,,,,,,,,,,1.0,,,1.0,,1.0,,,,,1.0,1.0,,,,,,,,,,,,,,1.0,,,,,,,,,,,,,,,,,,,,,,,,,,,,,,,,
Scotland,Speyside,Benriach,Benriach 15 Years Pedro Ximenez Finish,2.0,,10,,9.0,,7,,,2.0,,5.0,2.0,1.0,1.0,,,,1.0,5.0,,2.0,1.0,,,2.0,,1.0,,1.0,,1.0,1.0,,2.0,,,,,,6.0,,,,,,,,,,,,,1.0,10,,4,,5.0,,4.0,6,1.0,3.0,2.0,,2.0,,1.0,4.0,4.0,3.0,,1.0,,,1.0,7.0,,,,,,1.0,,,2.0,,,,,,,,1.0,1.0,,4.0,10,9.0,7.0,9.0,,,5.0,2.0,4.0,,10.0,5.0,,2.0,,,4.0,,2.0,2.0,,,,2.0,,,,,,,2.0,2.0,,2.0,1.0,,,,1.0,,,,1.0,,,,,,,,,,,,,,,,,,,,,,,,,,,,,,,,,,,,,,,,,,,,,,1.0,,,,,,,,,,,,,,,,,,,,,,,,,,,
Scotland,Speyside,Cardhu,Cardhu 18 Years,1.0,,6,,2.0,,10,,,1.0,,1.0,1.0,1.0,,,,,,1.0,2.0,1.0,1.0,2.0,,2.0,,1.0,1.0,,,,1.0,,,,1.0,,,,,,,,,,,,2.0,1.0,1.0,4.0,,2.0,10,,4,,9.0,,,4,,1.0,2.0,,1.0,,,3.0,3.0,1.0,,1.0,,,1.0,7.0,,,,,,,,,,,1.0,,,,,,,1.0,,,10,10.0,2.0,10.0,,,4.0,4.0,2.0,,,2.0,,2.0,,,9.0,,,2.0,,2.0,,,,,,,,,,,,,1.0,7.0,3.0,,,,,1.0,2.0,,,,,,,,,,,,,,,1.0,,,,,,1.0,,,,,,,,,,,,,2.0,,,,,,,,,,,,,,,,,,,,,,,,,,,,,,,,,,,,,,,
Scotland,Speyside,Glenfiddich,Glenfiddich 14 Years Rich Oak,1.0,,10,,5.0,,10,,,10.0,,10.0,,6.0,5.0,,,,,2.0,2.0,,,2.0,,,,1.0,1.0,,1.0,,,,,,,1.0,,,,,,,,,,,,,,,,,10,,6,,6.0,,3.0,8,2.0,,8.0,,,,2.0,8.0,3.0,,,,,,,1.0,,1.0,,,,,,,2.0,,,,1.0,,,,,,2.0,1.0,6,10.0,1.0,8.0,1.0,,1.0,5.0,,1.0,1.0,1.0,1.0,,,,,,,,,2.0,,,,,,,,,,,,,1.0,,,,,,,,,,,,,,,,,1.0,,,,,,,,1.0,,,,1.0,,,,,,,,1.0,,,,,1.0,,,,,,,,1.0,,,,,2.0,,,,,,1.0,,,,,,,,,,,,,,,,,,,,
Scotland,Speyside,Balvenie,Balvenie 12 Years Single Barrel,1.0,,10,,,,5,,,2.0,,10.0,,1.0,,,1.0,,,4.0,1.0,1.0,1.0,1.0,1.0,,,1.0,,,,,,,,,,1.0,,,,,,,,1.0,,,,1.0,,,,1.0,10,,2,,6.0,,1.0,6,1.0,1.0,7.0,,1.0,,,2.0,1.0,1.0,,1.0,,,1.0,1.0,,,,,,1.0,,1.0,7.0,1.0,1.0,,,,,,1.0,,,,10,4.0,4.0,5.0,,,4.0,3.0,1.0,,2.0,3.0,2.0,1.0,,,,,,,,5.0,1.0,,1.0,,,,,,1.0,2.0,,1.0,,2.0,,,,,,1.0,,1.0,,,,,,1.0,1.0,,,,,,,,,1.0,,,,1.0,,,,,,,,,,,,,1.0,,,,,,,,,,,,,,,,,,,,1.0,,,,,,,,,,,,,,,,,,,
Scotland,Speyside,Tomintoul,Tomintoul Peaty Tang,10.0,1.0,2,,1.0,,3,1.0,1.0,1.0,,2.0,1.0,,,1.0,2.0,1.0,,,1.0,,,,,1.0,,5.0,2.0,,,,,1.0,,1.0,,,,,,,,,,3.0,1.0,,1.0,,,1.0,,10.0,5,,1,,3.0,,,1,4.0,1.0,1.0,1.0,,,,3.0,1.0,,,,1.0,1.0,,1.0,1.0,,1.0,,2.0,1.0,,,,1.0,1.0,,,,,,,,,10.0,4,1.0,3.0,1.0,,,1.0,,1.0,,,1.0,,1.0,,,,,,,,,,1.0,,,,,,,1.0,,,1.0,3.0,,,,,,,,,,,1.0,1.0,,,1.0,,,,,1.0,,,,,,,,,,,,,,1.0,,,,,,1.0,,,,,,,,,,,,,,,1.0,,,,,,1.0,,,,,,,,,,,,,,,,,,,,
Scotland,Islay,Bowmore,Bowmore Black Rock,10.0,2.0,6,1.0,10.0,,2,2.0,1.0,2.0,1.0,2.0,3.0,5.0,1.0,,,,8.0,1.0,5.0,1.0,1.0,5.0,,,1.0,2.0,,,1.0,,2.0,,,,,,,,2.0,,,,,,,,,,4.0,1.0,,10.0,5,2.0,4,2.0,2.0,,7.0,2,1.0,1.0,1.0,,1.0,1.0,,1.0,1.0,1.0,,,,1.0,1.0,1.0,1.0,3.0,,,,2.0,,3.0,1.0,1.0,1.0,,,1.0,,1.0,,,2.0,10.0,3,5.0,,3.0,5.0,5.0,2.0,2.0,2.0,4.0,5.0,1.0,,,,,2.0,2.0,1.0,1.0,,,,,1.0,,,,,,,,1.0,,,,,,,,,,,,,,,,,1.0,,,,,,,,,2.0,,,,,,,,,,,,,,,,1.0,,,,,,,,3.0,,,,,,,,,,,,,,,,,,,,,,,,,,,,,,,,,
Scotland,Highlands,Glenmorangie,Glenmorangie 18 Years Extremely Rare (old bottling),1.0,,8,,10.0,,8,,,5.0,,3.0,,3.0,1.0,,1.0,,1.0,2.0,2.0,,,2.0,,3.0,,5.0,1.0,,,,,,,1.0,,,,,,,,,,,,,,1.0,,,,4.0,10,,8,,2.0,,10.0,6,6.0,,2.0,,1.0,,,5.0,1.0,,,,,,,1.0,,,,,1.0,,,,8.0,,2.0,1.0,,,,,,,,,8,2.0,2.0,3.0,,,8.0,10.0,2.0,,6.0,3.0,,,,,,,2.0,2.0,,,,,2.0,,,,,,,2.0,,,5.0,,1.0,1.0,,,,1.0,,,3.0,1.0,,,,2.0,2.0,,,,,,,,1.0,,,,,1.0,,,,,,,,,6.0,,,,,1.0,3.0,,,,,,,,,,,,,,,,,,,,,,,,,,,1.0,,,,,,,,,,
Scotland,Islands,Jura,Jura 10 Years,6.0,,10,,,,7,,,1.0,,7.0,1.0,1.0,,,5.0,,,2.0,1.0,,,1.0,,9.0,,3.0,2.0,,,1.0,,,,1.0,,,,,,,,,,2.0,1.0,,,,,,,8.0,7,2.0,3,2.0,10.0,,2.0,1,4.0,2.0,2.0,,,,2.0,6.0,5.0,2.0,,1.0,,,1.0,2.0,,1.0,,,1.0,,,,2.0,,1.0,,1.0,,,,,,,3.0,4,1.0,10.0,3.0,10.0,5.0,2.0,2.0,2.0,,,,,1.0,7.0,1.0,,,1.0,1.0,,,,1.0,,,,,,,,2.0,,1.0,,2.0,,8.0,,,,1.0,,,,,,1.0,,,,1.0,,,,,,,,,,,1.0,1.0,,,,,,1.0,,,,,,,1.0,,,,,,,1.0,,,,,,,,,,,,,,,,,,,,,,,,,,,,,,,,
Scotland,Speyside,Aberlour,Aberlour 12 Years Double Cask,,,7,,9.0,,10,,,3.0,,4.0,1.0,1.0,,,,,1.0,1.0,3.0,,1.0,3.0,,2.0,,1.0,3.0,2.0,1.0,1.0,,,,,1.0,,,,,,,,,,,,2.0,1.0,,,,1.0,9,1.0,4,,10.0,1.0,7.0,4,1.0,2.0,3.0,,,,1.0,2.0,2.0,2.0,,,,,1.0,4.0,,2.0,,,,1.0,,2.0,2.0,,2.0,,2.0,1.0,1.0,1.0,,1.0,3.0,1.0,10,10.0,4.0,9.0,1.0,,2.0,7.0,2.0,1.0,5.0,2.0,1.0,2.0,,,3.0,,,5.0,,1.0,,1.0,,,1.0,,,,,1.0,,,1.0,1.0,,,2.0,,,2.0,,,,,,,,3.0,2.0,,,,,,,,,,,,,2.0,,,,,,,,,,,,,1.0,,1.0,1.0,1.0,,,1.0,,,,1.0,1.0,,,,,,,,,,,,,,,,,,1.0,,,,,,,,,
Scotland,Islands,Tobermory,Tobermory 10 Years,6.0,10.0,4,8.0,,1.0,6,4.0,,1.0,,2.0,,5.0,,,6.0,,,,2.0,1.0,,1.0,2.0,2.0,,5.0,1.0,,1.0,,,,,1.0,1.0,,,,,,,2.0,1.0,1.0,,,2.0,2.0,1.0,,,5.0,7,7.0,10,4.0,6.0,4.0,,2,5.0,1.0,1.0,,4.0,1.0,,2.0,2.0,1.0,,,,1.0,3.0,1.0,,1.0,2.0,,2.0,1.0,9.0,1.0,2.0,1.0,2.0,1.0,,2.0,,,,,,3.0,10,3.0,8.0,9.0,3.0,3.0,1.0,4.0,3.0,3.0,1.0,,1.0,3.0,,,4.0,,,3.0,1.0,1.0,,,1.0,3.0,,,,,,,,,4.0,1.0,,,,,,,1.0,,,1.0,,,,1.0,,,,,,,,,1.0,,,,1.0,3.0,,,,,,,,,,,1.0,,,,,,,,2.0,,,,,,,,,,,,,,,,,,,,,,,,3.0,,3.0,,,,,,,
Scotland,Speyside,Ardmore,Ardmore 12 Years Port Wood Finish,10.0,,5,,2.0,,10,,,1.0,1.0,1.0,1.0,7.0,,,,1.0,,2.0,3.0,1.0,,3.0,,1.0,,,,,5.0,,,,1.0,,,1.0,1.0,,,,,,,,,,,,3.0,,,10.0,9,,8,,9.0,,2.0,3,1.0,2.0,,1.0,3.0,,1.0,1.0,1.0,1.0,,,1.0,,3.0,1.0,,1.0,,,,1.0,,1.0,4.0,,2.0,,2.0,1.0,,1.0,,1.0,,10.0,4,2.0,3.0,3.0,,,2.0,4.0,2.0,,3.0,1.0,,2.0,,1.0,2.0,,1.0,1.0,1.0,,,,,,1.0,,,,,,,,,,,1.0,2.0,,,2.0,,,,,,,,,,,,,,,,,,,,,,2.0,,,,,,,,,,,,,,,,,,,,,,,1.0,,,,,,,,,,,,,,,,,,,,,,,,,,2.0,1.0,1.0,1.0
Scotland,Speyside,Benriach,Benriach 10 Years Curiositas,10.0,,5,,1.0,,7,,2.0,1.0,1.0,3.0,,2.0,,,1.0,,,1.0,,1.0,1.0,,,,,4.0,1.0,,,,,,,,,,,,,,,,,3.0,,,,,,1.0,,10.0,6,2.0,5,2.0,3.0,,1.0,4,2.0,2.0,2.0,1.0,1.0,,,1.0,1.0,,,,2.0,1.0,4.0,1.0,,,2.0,,2.0,,,,1.0,,,,,,,,,,,10.0,3,2.0,4.0,3.0,2.0,,,,3.0,,,,1.0,,2.0,,2.0,2.0,2.0,2.0,,1.0,,,,,,,,,2.0,,1.0,2.0,2.0,1.0,,,1.0,,,,,,,,,1.0,,,,,,,,,,,,,,,,,1.0,,,,,,,,,,,,,,,,,,1.0,,,,,,,,,,,,,,,,,,,,,,,,,,,,,,,,,
Scotland,Islay,Bowmore,Bowmore 15 Years Mariner,10.0,3.0,4,2.0,1.0,1.0,9,2.0,,4.0,1.0,,3.0,1.0,,,1.0,1.0,1.0,,,,1.0,,,1.0,,1.0,3.0,,,,3.0,,,,,1.0,1.0,,3.0,,,,1.0,1.0,,,,,,1.0,,9.0,10,6.0,4,4.0,4.0,3.0,2.0,9,3.0,,,,,1.0,,2.0,1.0,,1.0,,,,,2.0,,4.0,,,,,,,,,,,,,,,,,,10.0,2,3.0,8.0,,5.0,3.0,2.0,,,,10.0,2.0,,,2.0,,2.0,,,,,,,,,,,,,,,,,,,1.0,,,,1.0,,,,,,,,,,,,,,,,,,,1.0,,,,,,,,,,2.0,,,,,,,,,,,,,,,,,,,,,,,,,,,,,,,,,,1.0,,,,,,,,,,,,,
Scotland,Highlands,Glen Garioch,Glen Garioch 12 Years,3.0,,9,,5.0,,10,,,3.0,,4.0,2.0,2.0,,,5.0,2.0,2.0,4.0,3.0,2.0,2.0,2.0,,3.0,,7.0,,,,,,,,,,,,,,,,,,7.0,,,,,,,,3.0,7,,4,,10.0,,2.0,6,2.0,,4.0,,,,1.0,4.0,3.0,,,,,,1.0,2.0,,1.0,2.0,,2.0,2.0,,,,,,,,,,1.0,,,1.0,2.0,10,9.0,2.0,4.0,,,2.0,3.0,2.0,,2.0,2.0,2.0,2.0,,,2.0,,,2.0,,2.0,,,,,,,,,2.0,,,2.0,,5.0,,,,,,,,5.0,,,,,1.0,,,,,,,,,2.0,,,,,,,,1.0,,,,,,,2.0,,,,4.0,,,,,,,,,,,,,,,,,,,,,,,,,,,,,,,,,,,,,,,
Scotland,Speyside,Ardmore,Ardmore Legacy,10.0,1.0,10,,1.0,1.0,3,,,2.0,1.0,3.0,1.0,4.0,1.0,,2.0,1.0,1.0,8.0,1.0,,3.0,,,1.0,,3.0,,,3.0,,,1.0,,,1.0,1.0,,,,,,,,3.0,,1.0,1.0,1.0,1.0,,,9.0,10,1.0,7,1.0,2.0,1.0,1.0,1,1.0,1.0,4.0,,1.0,,1.0,4.0,4.0,,,,,1.0,1.0,1.0,,2.0,1.0,1.0,1.0,1.0,,,6.0,1.0,1.0,,1.0,,,,,,1.0,10.0,7,3.0,5.0,9.0,,,1.0,1.0,2.0,,,,2.0,2.0,,,1.0,,,,,2.0,,2.0,1.0,,2.0,,,,,1.0,,,,1.0,1.0,,,,,,,1.0,,,,,,,,,,,,,,,,,,,,,,,,,,,,,,,,,1.0,,1.0,,,,1.0,,,1.0,,,,,,,1.0,,,,,,,1.0,,,,,,,,,,,,,,,,
Scotland,Islands,Talisker,Talisker 57Â° North,10.0,5.0,5,4.0,1.0,,6,2.0,1.0,1.0,1.0,4.0,,6.0,,,3.0,,1.0,,1.0,1.0,3.0,1.0,,3.0,,3.0,1.0,,,,,,,,,,,,,,,,,3.0,,,3.0,2.0,1.0,,,10.0,4,1.0,10,1.0,3.0,1.0,2.0,1,1.0,1.0,,1.0,6.0,,,1.0,1.0,1.0,,,,,3.0,1.0,,,,,,1.0,,,,,1.0,,,,1.0,,,,1.0,5.0,2,1.0,5.0,10.0,3.0,,,,2.0,3.0,,,5.0,,,,2.0,2.0,2.0,3.0,,,,,,,,,,,,,,,,1.0,,,,,,1.0,,,,,,,,,,,,,,,,,,,,,,,,,,,,,,,,,,,,,,,,,1.0,,,,,,,,,,,,,,,,,,,,,,,,,,,,,,,,,
Scotland,Islay,Bunnahabhain,Bunnahabhain 18 Years,5.0,4.0,6,3.0,10.0,,3,2.0,1.0,2.0,,1.0,3.0,3.0,,,2.0,2.0,3.0,1.0,,,2.0,,,4.0,,2.0,1.0,,,,1.0,,,,,,1.0,,,,,,,2.0,,,,1.0,,1.0,1.0,5.0,8,7.0,10,4.0,7.0,3.0,9.0,9,4.0,6.0,2.0,,5.0,3.0,2.0,4.0,2.0,4.0,,2.0,3.0,2.0,3.0,3.0,,2.0,2.0,,3.0,,,,2.0,2.0,4.0,,3.0,2.0,,,,,7.0,2.0,2,6.0,7.0,10.0,2.0,2.0,4.0,4.0,4.0,,,,2.0,4.0,,,,,,,,,,,,,,,,2.0,2.0,,,2.0,,,1.0,1.0,,,,3.0,,2.0,2.0,2.0,,,,,,,,,,,,1.0,,,,,,,,,,,,,,,,,,,,,,,,,,,,,,2.0,2.0,,,1.0,,,,2.0,,,,,,,,,,,,,,,,,,,,
Scotland,Islands,Talisker,Talisker 18 Years,10.0,8.0,8,7.0,4.0,5.0,8,2.0,,1.0,,2.0,2.0,3.0,2.0,1.0,2.0,2.0,,,4.0,,4.0,3.0,1.0,1.0,,1.0,,,,,,,,,1.0,,,,,,,,,,,1.0,1.0,,,5.0,,10.0,9,5.0,7,4.0,3.0,3.0,2.0,4,2.0,1.0,3.0,1.0,3.0,,2.0,2.0,2.0,,,,1.0,,4.0,,,4.0,,,2.0,,,,1.0,,,,,,,,,,1.0,5.0,2,4.0,3.0,10.0,3.0,1.0,,1.0,4.0,2.0,1.0,,1.0,,,,,,,8.0,4.0,,,,,,,,,,,,,1.0,,,,,2.0,,,,,,,,1.0,1.0,,,,,,,1.0,,,,,,,,,,,,,,1.0,1.0,,,,,,1.0,,,,,,,,,,,,,,,,,,,,,,1.0,,,,,,,,,,,,,,,,,,
Scotland,Speyside,Balvenie,Balvenie 21 Years Port Wood,4.0,,5,,10.0,,9,,,3.0,,3.0,2.0,,2.0,,2.0,,7.0,4.0,1.0,2.0,,1.0,,5.0,,1.0,,,,,2.0,,,,,,,,2.0,,,,1.0,,,,1.0,,,,,1.0,10,1.0,2,1.0,5.0,1.0,3.0,2,3.0,1.0,2.0,,2.0,,,8.0,7.0,,,,,,,1.0,,1.0,1.0,1.0,1.0,,,,6.0,,1.0,,1.0,,,,,,1.0,1.0,5,5.0,9.0,1.0,,,10.0,2.0,3.0,,6.0,5.0,,1.0,,,1.0,,2.0,,,,,1.0,,,,,,,,1.0,,,1.0,,,,2.0,,,1.0,,,,,,,,,,2.0,1.0,,,,,,,,,,,,,,,,,,,,,,,,,,,2.0,,,,,,,,,,1.0,,,,,,,,,,,,,,,,,,,,,,,,,,
Scotland,Speyside,Balvenie,Balvenie 17 Years Double Wood,2.0,,10,,5.0,,6,,,4.0,,9.0,1.0,,,,,1.0,2.0,5.0,1.0,2.0,,1.0,,3.0,,,2.0,1.0,,,,,,,,,,,,,,,2.0,,,,,,,,,1.0,10,,6,,4.0,,4.0,6,4.0,,7.0,,,,1.0,6.0,1.0,,,,,,,1.0,,2.0,,,1.0,,,3.0,5.0,,,4.0,,,1.0,1.0,,1.0,1.0,2.0,8,9.0,5.0,10.0,,,3.0,2.0,3.0,,5.0,3.0,,2.0,,,2.0,,,3.0,2.0,3.0,3.0,2.0,,,,,,,,2.0,,,,,,2.0,1.0,,,,,,,,1.0,,,,,,,,,,,,,,,,,,,1.0,,,,,2.0,2.0,,,,,,,,,,,,1.0,,,,,,,,,,,1.0,,,,,,,,,,,,,,,,,,,,,
Scotland,Islay,Laphroaig,Laphroaig PX Cask - new Casing,10.0,3.0,7,3.0,8.0,,3,1.0,2.0,3.0,2.0,5.0,2.0,2.0,1.0,1.0,1.0,2.0,4.0,1.0,1.0,1.0,1.0,1.0,,1.0,,,,1.0,,,,,1.0,,,,,1.0,,,1.0,,,,,,1.0,,1.0,1.0,,10.0,5,,3,,3.0,,7.0,6,,1.0,2.0,1.0,1.0,,1.0,1.0,1.0,,,1.0,,,1.0,1.0,1.0,,1.0,,1.0,2.0,,,1.0,,,,,1.0,,1.0,,,1.0,10.0,5,9.0,1.0,4.0,,,1.0,2.0,2.0,,6.0,1.0,1.0,2.0,,1.0,1.0,1.0,1.0,,1.0,,,,,,1.0,,,,,,,,,,,,1.0,,,,,,,,,,,,,,,,,,,,,,,,,1.0,,,,,,,,,,,,,,,,,,,1.0,,,1.0,,,,,,,,,,,,,,,,,,,,,,,,,,1.0,,,,
Scotland,Islay,Bruichladdich,Bruichladdich Rocks,3.0,2.0,8,2.0,1.0,,10,,,1.0,1.0,6.0,,1.0,,,6.0,,1.0,1.0,,2.0,,,,,,,4.0,,,,,,6.0,,,,,,,1.0,,,,,,,,,,,,6.0,4,3.0,5,3.0,10.0,,5.0,8,7.0,,2.0,,1.0,,,5.0,5.0,,,,,,4.0,,,,,,,3.0,,1.0,,,,,1.0,1.0,,1.0,,,,3.0,10,2.0,9.0,2.0,2.0,2.0,,3.0,,,,,,,,,,,,2.0,,3.0,,2.0,,,,,,,,,,,,,,,3.0,,,,,,,,,,,,,,,,,,,,,,,,,,,,,2.0,,,,,,,,,,,,,,,,5.0,,,,,,,4.0,,,,,,,,,,,,,,,,,,,,,,,,,
Scotland,Highlands,Aberfeldy,Aberfeldy 21 Years,4.0,,10,,1.0,,4,,,4.0,,8.0,,2.0,1.0,,1.0,,,8.0,3.0,1.0,1.0,3.0,,,,5.0,1.0,,1.0,,,,,1.0,,1.0,,,,,,,,4.0,,,,1.0,,,,5.0,10,2.0,6,1.0,4.0,,1.0,5,,1.0,5.0,,1.0,1.0,,7.0,6.0,,,,1.0,1.0,1.0,3.0,,2.0,2.0,1.0,3.0,1.0,,2.0,4.0,1.0,8.0,,,,,,,,1.0,3.0,10,4.0,4.0,5.0,2.0,2.0,8.0,,,,,8.0,2.0,,2.0,2.0,2.0,,,3.0,,3.0,,,,,2.0,,,,,3.0,,,,,,,,,,7.0,,,,,1.0,,,,,,,,,,,,1.0,1.0,,,,,,,,,,,,,,,,,,,,,,,,,,,,,,,,1.0,,,,1.0,,,,,,,,,,,,,,,,,,,,
Scotland,Islay,Ardbeg,Ardbeg Alligator,10.0,2.0,6,2.0,6.0,,5,1.0,6.0,1.0,1.0,5.0,4.0,1.0,,1.0,,2.0,,,5.0,,,,,5.0,1.0,,,2.0,,2.0,1.0,,,,5.0,,,,1.0,,,,,,,,5.0,,,,,10.0,10,1.0,9,1.0,3.0,,,3,7.0,2.0,,6.0,,,,5.0,5.0,1.0,,1.0,1.0,,1.0,,,,,,,,,,,5.0,5.0,,,,,,,,,10.0,5,,,8.0,1.0,1.0,5.0,3.0,3.0,,1.0,5.0,5.0,1.0,,,,,1.0,1.0,3.0,,,,,,,,,,,,,1.0,,1.0,,,,,,5.0,,,,,,,,,,,,,,,,,,,,,,6.0,,,,,,1.0,,,,,,,,5.0,,,,,,,,,,,1.0,,,,,,,,,,,,,,5.0,,,,,,,,,,,,,
Scotland,Highlands,Royal Lochnagar,Lochnagar 12 Years,9.0,,10,,2.0,,10,,,7.0,,4.0,5.0,,,,6.0,,,,1.0,3.0,5.0,1.0,,5.0,,2.0,1.0,,,5.0,,,,1.0,,,,,1.0,,,,,1.0,,,5.0,,,,,5.0,10,,3,,8.0,,2.0,4,7.0,,2.0,,1.0,,,2.0,2.0,,,,,,1.0,2.0,,2.0,,,1.0,1.0,,,1.0,1.0,1.0,,2.0,1.0,1.0,,,,1.0,7.0,4,4.0,10.0,4.0,,,,2.0,2.0,,,,2.0,2.0,,,,,,,,,,,,,,,,,,,,2.0,1.0,1.0,1.0,,,,,,1.0,,,1.0,1.0,,,,,,,2.0,2.0,,,,,,,,,1.0,,,2.0,,,,,,,,,,,,,,,,,,,,2.0,,,,,,,,,,,,,,,,,,,,,,,,,,,,,
Scotland,Islands,Talisker,Talisker - 2002,10.0,1.0,9,1.0,8.0,,4,1.0,,1.0,,1.0,1.0,2.0,,,,,2.0,1.0,1.0,,1.0,1.0,,,,,,1.0,,,1.0,,1.0,,1.0,,,,,,,,,,,,,1.0,,,,7.0,6,2.0,10,2.0,7.0,,5.0,1,5.0,,4.0,,8.0,,,5.0,5.0,,,,,,4.0,1.0,,,,,,,,,,1.0,1.0,,,,,,1.0,,,10.0,9,1.0,5.0,4.0,,,,,1.0,,1.0,,1.0,1.0,,,1.0,1.0,,3.0,,6.0,,,,,,,,,,,,,,,,,,,,,,,,,,,,,,,,,,,,,,,,,,,,,,,,,,,,,,,,,,,,,1.0,,,,,,,,,,,,,,,,,,,,,,,,,,,,,,,,,
Scotland,Highlands,Tomatin,Tomatin 12 Years,5.0,,5,,5.0,,10,,,2.0,,3.0,,3.0,,,9.0,,1.0,3.0,1.0,,,,,2.0,,1.0,5.0,,,,,,,,1.0,,,,,,,,,1.0,,,1.0,2.0,,,,,5,,3,,10.0,,5.0,3,4.0,3.0,1.0,,,,,8.0,2.0,3.0,,,,,,2.0,,1.0,,,,,,,1.0,,,,5.0,1.0,,,,,1.0,3.0,10,9.0,10.0,5.0,,,3.0,6.0,,,3.0,2.0,,,,,,,,,,,,,,,,,,,,,,,,2.0,,,,,,,,,,,,,,,,,,,,,,,,,,,,,,1.0,,,,,,,,,,,6.0,,,,,,,,,,,,,1.0,,,,,,,,,,,,,,,,,,,,,,,,,,
Scotland,Islands,Tobermory,Tobermory 15 Years,4.0,1.0,4,1.0,10.0,,4,1.0,1.0,4.0,,,4.0,4.0,1.0,,1.0,3.0,3.0,,1.0,1.0,1.0,1.0,,1.0,1.0,,1.0,,1.0,1.0,2.0,2.0,1.0,,,,,1.0,2.0,1.0,,,,,,,,1.0,,2.0,,4.0,10,4.0,7,3.0,6.0,2.0,10.0,10,,5.0,1.0,,4.0,,1.0,3.0,2.0,3.0,,3.0,,,1.0,5.0,,1.0,,,,,,,,,3.0,1.0,,,1.0,,,,,2.0,5,2.0,2.0,10.0,5.0,5.0,2.0,3.0,5.0,2.0,5.0,,2.0,2.0,,,2.0,,3.0,2.0,2.0,,2.0,,2.0,,,,,,3.0,,2.0,5.0,,1.0,,1.0,,,,3.0,,,,,,,,2.0,,2.0,,,,,,,,,,,,,,,,,,,2.0,2.0,,2.0,2.0,2.0,,,1.0,,,,,,,,,,,,1.0,,1.0,,,,,,,,,,,,,,2.0,,,,,,,,,
Scotland,Speyside,Glenfarclas,Glenfarclas - 1993 Oloroso Sherry Cask,2.0,,8,,10.0,,7,,,3.0,,2.0,,1.0,,,,,7.0,4.0,2.0,1.0,,1.0,,3.0,,,,,1.0,,,1.0,,,1.0,,,,,,,,,,,,1.0,,,1.0,,,6,,5,,5.0,,10.0,10,3.0,,,,,,2.0,5.0,,,,,,,,5.0,,,,,,,,3.0,,,,,,,,,,2.0,2.0,,9,5.0,9.0,9.0,,,,,3.0,,10.0,,,3.0,,,3.0,,,,,5.0,,,,,,,,,,,,,,,,1.0,,,,,,,,,,,,,,,,,,,,,,,,,,,,,,,,,7.0,,,,,,,,,,,,,,,,,,,,,,,,,,,,,,,,,,,,,,,,,,,,,
